<?xml version="1.0" encoding="UTF-8"?>

<Composition xmlns="http://hl7.org/fhir">
  <id value="54fd9b4c-7633-4e34-bf6b-6fbe9d48fd30"/>
  <meta>
    <versionId value="2"/>
    <lastUpdated value="2020-07-22T20:25:55.816+00:00"/>
    <source value="#9AKuC1eEH9yOkDrI"/>
    <profile value="http://hl7.org/fhir/us/vrdr/StructureDefinition/VRDR-Death-Certificate"/>
  </meta>
  <text>
    <status value="generated"/><div xmlns="http://www.w3.org/1999/xhtml"><p><b>Generated Narrative</b></p><p><b>identifier</b>: id: 1</p><p><b>status</b>: final</p><p><b>type</b>: <span title="Codes: {http://loinc.org 64297-5}">Death certificate</span></p><p><b>date</b>: Feb 1, 2019, 9:47:04 PM</p><p><b>author</b>: <a href="Practitioner-cb1219bc-785f-431c-9f56-b8fbbe78bc4d.html">Generated Summary: id: 2233445511; Doctor Middle Last (OFFICIAL)</a></p><p><b>title</b>: VRDR Death Certificate</p><h3>Attesters</h3><table class="grid"><tr><td>-</td><td><b>Mode</b></td><td><b>Time</b></td><td><b>Party</b></td></tr><tr><td>*</td><td>legal</td><td>Jan 29, 2019, 9:48:06 PM</td><td><a href="Practitioner-cb1219bc-785f-431c-9f56-b8fbbe78bc4d.html">Generated Summary: id: 2233445511; Doctor Middle Last (OFFICIAL)</a></td></tr></table><h3>Events</h3><table class="grid"><tr><td>-</td><td><b>Code</b></td><td><b>Detail</b></td></tr><tr><td>*</td><td><span title="Codes: {http://snomed.info/sct 103693007}">Diagnostic procedure (procedure)</span></td><td><a href="Procedure-219ef5e3-ed0c-4dab-88eb-b114daaebd73.html">Generated Summary: id: aabcde9876543210; status: completed; <span title="Codes: {http://snomed.info/sct 103693007}">Diagnostic procedure</span>; <span title="Codes: {http://snomed.info/sct 308646001}">Death certification</span>; performed: Jan 29, 2019, 9:48:06 PM</a></td></tr></table></div>
  </text>
  <identifier>
    <value value="1"/>
  </identifier>
  <status value="final"/>
  <type>
    <coding>
      <system value="http://loinc.org"/>
      <code value="64297-5"/>
      <display value="Death certificate"/>
    </coding>
  </type>
  <subject>
    <reference value="Patient/51b806c8-566f-463e-8783-9fbf6be8161d"/>
  </subject>
  <date value="2019-02-01T16:47:04-05:00"/>
  <author>
    <reference value="Practitioner/cb1219bc-785f-431c-9f56-b8fbbe78bc4d"/>
  </author>
  <title value="VRDR Death Certificate"/>
  <attester>
    <mode value="legal"/>
    <time value="2019-01-29T16:48:06-05:00"/>
    <party>
      <reference value="Practitioner/cb1219bc-785f-431c-9f56-b8fbbe78bc4d"/>
    </party>
  </attester>
  <event>
    <code>
      <coding>
        <system value="http://snomed.info/sct"/>
        <code value="103693007"/>
        <display value="Diagnostic procedure (procedure)"/>
      </coding>
    </code>
    <detail>
      <reference value="Procedure/219ef5e3-ed0c-4dab-88eb-b114daaebd73"/>
    </detail>
  </event>
  <section>
    <entry>
      <reference value="Patient/51b806c8-566f-463e-8783-9fbf6be8161d"/>
    </entry>
    <entry>
      <reference value="Practitioner/cb1219bc-785f-431c-9f56-b8fbbe78bc4d"/>
    </entry>
    <entry>
      <reference value="Practitioner/80db6f45-8a6d-4583-8a03-55a6663523c2"/>
    </entry>
    <entry>
      <reference value="Procedure/219ef5e3-ed0c-4dab-88eb-b114daaebd73"/>
    </entry>
    <entry>
      <reference value="Organization/1a110397-936f-4be4-ab10-2caed226569d"/>
    </entry>
    <entry>
      <reference value="Organization/6f47da13-0c25-483b-8729-7b96716b17fc"/>
    </entry>
    <entry>
      <reference value="PractitionerRole/4b96759f-8395-4093-8417-e1ca3cd26f0a"/>
    </entry>
    <entry>
      <reference value="List/60401545-f1e1-4a80-867f-02384ffed857"/>
    </entry>
    <entry>
      <reference value="Location/bbe38248-9a8d-414f-996e-58d5fc9eb800"/>
    </entry>
    <entry>
      <reference value="Observation/d7c2e459-c7ca-415c-a38c-f78a0f0c5813"/>
    </entry>
    <entry>
      <reference value="Condition/56b8ce2e-64f8-450b-8885-0699a53fc781"/>
    </entry>
    <entry>
      <reference value="Condition/f0cbc63d-ac4e-469b-8761-70b6ea8bf666"/>
    </entry>
    <entry>
      <reference value="RelatedPerson/976c548f-9460-42f2-b41e-390b3bee91c8"/>
    </entry>
    <entry>
      <reference value="RelatedPerson/89ababc6-8c2a-4e76-9f53-8677822f54a9"/>
    </entry>
    <entry>
      <reference value="RelatedPerson/962fded4-b90a-44f7-950e-3832011ad65f"/>
    </entry>
    <entry>
      <reference value="Observation/9676ae27-2a89-4295-913c-0d6847300a3a"/>
    </entry>
    <entry>
      <reference value="Observation/6606dd3a-49ba-47a9-a6e7-e7e4ebeddac7"/>
    </entry>
    <entry>
      <reference value="Observation/d80681ff-9f1d-4915-87b5-eda54534096a"/>
    </entry>
    <entry>
      <reference value="Observation/0db13e0d-fea6-4ef1-8285-62d761f61d88"/>
    </entry>
    <entry>
      <reference value="Observation/df5a2807-e0b2-4971-9820-efdbbbfcef7b"/>
    </entry>
    <entry>
      <reference value="Observation/092e7b13-224d-46a6-ac31-0d98d4c84126"/>
    </entry>
    <entry>
      <reference value="Observation/4424113f-69c4-40fe-b88f-d7b03304dfe4"/>
    </entry>
    <entry>
      <reference value="Observation/4aed1450-ab2d-4cb9-858f-227b127323a6"/>
    </entry>
    <entry>
      <reference value="Observation/4d0ce010-16f1-44f4-bbf8-3a2030e9de99"/>
    </entry>
    <entry>
      <reference value="Location/4b863da8-1bb5-4b17-9be2-4ea39b5d3a2a"/>
    </entry>
    <entry>
      <reference value="Observation/37c086a1-05bd-479c-92b4-1234d38bfe5a"/>
    </entry>
    <entry>
      <reference value="Location/b7de6056-817f-4d73-9830-ce566accd044"/>
    </entry>
    <entry>
      <reference value="Observation/b531cbf7-6290-424c-8155-0549c3fb3243"/>
    </entry>
  </section>
</Composition>