<?xml version="1.0" encoding="UTF-8"?>

<Condition xmlns="http://hl7.org/fhir">
  <id value="f0cbc63d-ac4e-469b-8761-70b6ea8bf666"/>
  <meta>
    <versionId value="2"/>
    <lastUpdated value="2020-07-23T00:39:07.292+00:00"/>
    <source value="#gvQxSpDrQsJLuHBR"/>
    <profile value="http://hl7.org/fhir/us/vrdr/StructureDefinition/VRDR-Cause-Of-Death-Condition"/>
  </meta>
  <text>
    <status value="generated"/><div xmlns="http://www.w3.org/1999/xhtml"><p><b>Generated Narrative</b></p><p><b>category</b>: <span title="Codes: {http://snomed.info/sct 16100001}">Death diagnosis</span></p><p><b>code</b>: <span title="Codes: ">Acute transmural myocardial infarction of anterior wall</span></p><p><b>subject</b>: <a href="Patient-51b806c8-566f-463e-8783-9fbf6be8161d.html">Generated Summary: Social Beneficiary Identifier: 123456789; Example Something Middle Last (OFFICIAL), FirstNameAlias MiddleAlias LastNameAlias (NICKNAME); gender: male; </a></p><p><b style="color: maroon">Exception generating Narrative: null</b></p></div>
  </text>
  <category>
    <coding>
      <system value="http://snomed.info/sct"/>
      <code value="16100001"/>
      <display value="Death diagnosis"/>
    </coding>
  </category>
  <code>
    <text value="Acute transmural myocardial infarction of anterior wall"/>
  </code>
  <subject>
    <reference value="Patient/51b806c8-566f-463e-8783-9fbf6be8161d"/>
  </subject>
  <onsetString value="minutes"/>
  <asserter>
    <reference value="Practitioner/cb1219bc-785f-431c-9f56-b8fbbe78bc4d"/>
  </asserter>
</Condition>