<?xml version="1.0" encoding="UTF-8"?>

<Condition xmlns="http://hl7.org/fhir">
  <id value="56b8ce2e-64f8-450b-8885-0699a53fc781"/>
  <meta>
    <versionId value="1"/>
    <lastUpdated value="2020-07-21T04:48:02.057+00:00"/>
    <source value="#lMNehUUKrIGcu4us"/>
    <profile value="http://hl7.org/fhir/us/vrdr/StructureDefinition/VRDR-Condition-Contributing-To-Death"/>
  </meta>
  <text>
    <status value="generated"/><div xmlns="http://www.w3.org/1999/xhtml"><p><b>Generated Narrative</b></p><p><b>category</b>: <span title="Codes: {http://snomed.info/sct 16100001}">Death diagnosis</span></p><p><b>code</b>: <span title="Codes: ">Example Contributing Conditions</span></p><p><b>subject</b>: <a href="Patient-51b806c8-566f-463e-8783-9fbf6be8161d.html">Generated Summary: Social Beneficiary Identifier: 123456789; Example Something Middle Last (OFFICIAL), FirstNameAlias MiddleAlias LastNameAlias (NICKNAME); gender: male; </a></p><p><b style="color: maroon">Exception generating Narrative: null</b></p></div>
  </text>
  <category>
    <coding>
      <system value="http://snomed.info/sct"/>
      <code value="16100001"/>
      <display value="Death diagnosis"/>
    </coding>
  </category>
  <code>
    <text value="Example Contributing Conditions"/>
  </code>
  <subject>
    <reference value="Patient/51b806c8-566f-463e-8783-9fbf6be8161d"/>
  </subject>
  <asserter>
    <reference value="Practitioner/cb1219bc-785f-431c-9f56-b8fbbe78bc4d"/>
  </asserter>
</Condition>