<?xml version="1.0" encoding="UTF-8"?>

<List xmlns="http://hl7.org/fhir">
  <id value="60401545-f1e1-4a80-867f-02384ffed857"/>
  <meta>
    <versionId value="2"/>
    <lastUpdated value="2020-07-22T13:59:02.713+00:00"/>
    <source value="#EWNOB45m46lXQqTB"/>
    <profile value="http://hl7.org/fhir/us/vrdr/StructureDefinition/VRDR-Cause-of-Death-Pathway"/>
  </meta>
  <text>
    <status value="generated"/><div xmlns="http://www.w3.org/1999/xhtml"><table class="clstu"><tr><td>Mode: snapshotStatus: current</td></tr><tr><td>Source: (null)Order: Sorted by Priority</td></tr></table><table class="grid"><tr style="backgound-color: #eeeeee"><td><b>Items</b></td></tr><tr><td><a href="Condition-f0cbc63d-ac4e-469b-8761-70b6ea8bf666.html">Generated Summary: <span title="Codes: {http://snomed.info/sct 16100001}">Death diagnosis</span>; <span title="Codes: ">Acute transmural myocardial infarction of anterior wall</span>; onset: minutes</a></td></tr></table></div>
  </text>
  <status value="current"/>
  <mode value="snapshot"/>
  <source>
    <reference value="Practitioner/cb1219bc-785f-431c-9f56-b8fbbe78bc4d"/>
  </source>
  <orderedBy>
    <coding>
      <system value="http://terminology.hl7.org/CodeSystem/list-order"/>
      <code value="priority"/>
      <display value="Sorted by Priority"/>
    </coding>
  </orderedBy>
  <entry>
    <item>
      <reference value="Condition/f0cbc63d-ac4e-469b-8761-70b6ea8bf666"/>
    </item>
  </entry>
</List>