<?xml version="1.0" encoding="UTF-8"?>

<Location xmlns="http://hl7.org/fhir">
  <id value="361aaa44-9955-4cd4-8f55-9f7df3537e17"/>
  <meta>
    <versionId value="2"/>
    <lastUpdated value="2020-08-18T14:05:15.893+00:00"/>
    <source value="#Q8o9osICOCKRtBw9"/>
    <profile value="http://hl7.org/fhir/us/vrdr/StructureDefinition/VRDR-National-Reporting-Jurisdiction"/>
  </meta>
  <text>
    <status value="generated"/><div xmlns="http://www.w3.org/1999/xhtml"><p><b>Generated Narrative</b></p><p><b>identifier</b>: id: 25</p><p><b>name</b>: Massachusetts</p><p><b>alias</b>: MA</p><p><b>type</b>: <span title="Codes: {http://loinc.org 77968-6}">National reporting jurisdiction</span></p></div>
  </text>
  <identifier>
    <value value="25"/>
  </identifier>
  <name value="Massachusetts"/>
  <alias value="MA"/>
  <type>
    <coding>
      <system value="http://loinc.org"/>
      <code value="77968-6"/>
      <display value="National reporting jurisdiction"/>
    </coding>
  </type>
</Location>