<?xml version="1.0" encoding="UTF-8"?>

<Location xmlns="http://hl7.org/fhir">
  <id value="b7de6056-817f-4d73-9830-ce566accd044"/>
  <meta>
    <versionId value="21"/>
    <lastUpdated value="2020-08-19T08:29:15.044+00:00"/>
    <source value="#wKKh1WwcfoE82FMR"/>
    <profile value="http://hl7.org/fhir/us/vrdr/StructureDefinition/VRDR-Death-Location"/>
  </meta>
  <text>
    <status value="extensions"/><div xmlns="http://www.w3.org/1999/xhtml"><p><b>Generated Narrative</b></p><p><b>name</b>: Example Death Location Name</p><p><b>description</b>: Example Death Location Description</p><p><b>type</b>: <span title="Codes: {http://snomed.info/sct 16983000}">Death in hospital</span></p><p><b>address</b>: 671 Example Street Line 2 Bedford MA 01730 United States </p></div>
  </text>
  <extension url="http://hl7.org/fhir/us/vrdr/StructureDefinition/Location-Jurisdiction-Id"/>
  <name value="Example Death Location Name"/>
  <description value="Example Death Location Description"/>
  <type>
    <coding>
      <system value="http://snomed.info/sct"/>
      <code value="16983000"/>
      <display value="Death in hospital"/>
    </coding>
  </type>
  <address>
    <line value="671 Example Street"/>
    <line value="Line 2"/>
    <city value="Bedford"/>
    <district value="Middlesex"/>
    <state value="MA"/>
    <postalCode value="01730"/>
    <country value="United States"/>
  </address>
</Location>