<?xml version="1.0" encoding="UTF-8"?>

<Observation xmlns="http://hl7.org/fhir">
  <id value="d80681ff-9f1d-4915-87b5-eda54534096a"/>
  <meta>
    <versionId value="2"/>
    <lastUpdated value="2020-07-22T04:42:54.238+00:00"/>
    <source value="#EWSBpip72gzd2ZO5"/>
    <profile value="http://hl7.org/fhir/us/vrdr/StructureDefinition/VRDR-Decedent-Disposition-Method"/>
  </meta>
  <text>
    <status value="generated"/><div xmlns="http://www.w3.org/1999/xhtml"><p><b>Generated Narrative</b></p><p></p><p><b>code</b>: <span title="Codes: {http://loinc.org 80905-3}">Body disposition method</span></p><p><b>subject</b>: <a href="Patient-51b806c8-566f-463e-8783-9fbf6be8161d.html">Generated Summary: Social Beneficiary Identifier: 123456789; Example Something Middle Last (OFFICIAL), FirstNameAlias MiddleAlias LastNameAlias (NICKNAME); gender: male; </a></p><p><b style="color: maroon">Exception generating Narrative: null</b></p></div>
  </text>
  <status value="final"/>
  <code>
    <coding>
      <system value="http://loinc.org"/>
      <code value="80905-3"/>
      <display value="Body disposition method"/>
    </coding>
  </code>
  <subject>
    <reference value="Patient/51b806c8-566f-463e-8783-9fbf6be8161d"/>
  </subject>
  <performer>
    <reference value="Practitioner/80db6f45-8a6d-4583-8a03-55a6663523c2"/>
  </performer>
  <valueCodeableConcept>
    <coding>
      <system value="http://snomed.info/sct"/>
      <code value="52373005"/>
      <display value="Burial"/>
    </coding>
  </valueCodeableConcept>
</Observation>