<?xml version="1.0" encoding="UTF-8"?>

<Observation xmlns="http://hl7.org/fhir">
  <id value="636dafac-0d92-4649-b838-004bcf714f5aj"/>
  <meta>
    <versionId value="4"/>
    <lastUpdated value="2020-07-23T13:59:17.607+00:00"/>
    <source value="#hxQhOSxURa7t82BU"/>
    <profile value="http://hl7.org/fhir/us/vrdr/StructureDefinition/VRDR-Decedent-Military-Service"/>
  </meta>
  <text>
    <status value="generated"/><div xmlns="http://www.w3.org/1999/xhtml"><p><b>Generated Narrative</b></p><p></p><p><b>code</b>: <span title="Codes: {http://loinc.org 55280-2}">Military service Narrative</span></p><p><b>subject</b>: <a href="Patient-51b806c8-566f-463e-8783-9fbf6be8161d.html">Generated Summary: Social Beneficiary Identifier: 123456789; Example Something Middle Last (OFFICIAL), FirstNameAlias MiddleAlias LastNameAlias (NICKNAME); gender: male; </a></p><p><b style="color: maroon">Exception generating Narrative: null</b></p></div>
  </text>
  <status value="final"/>
  <code>
    <coding>
      <system value="http://loinc.org"/>
      <code value="55280-2"/>
      <display value="Military service Narrative"/>
    </coding>
  </code>
  <subject>
    <reference value="Patient/51b806c8-566f-463e-8783-9fbf6be8161d"/>
  </subject>
  <valueCodeableConcept>
    <coding>
      <system value="https://phinvads.cdc.gov/vads/ViewCodeSystem.action?id=2.16.840.1.113883.12.136"/>
      <code value="Y"/>
      <display value="Yes"/>
    </coding>
  </valueCodeableConcept>
</Observation>