<?xml version="1.0" encoding="UTF-8"?>

<Observation xmlns="http://hl7.org/fhir">
  <id value="4d0ce010-16f1-44f4-bbf8-3a2030e9de99"/>
  <meta>
    <versionId value="2"/>
    <lastUpdated value="2020-07-21T22:40:43.185+00:00"/>
    <source value="#cIJIQkq7Q2smLbo1"/>
    <profile value="http://hl7.org/fhir/us/vrdr/StructureDefinition/VRDR-Tobacco-Use-Contributed-To-Death"/>
  </meta>
  <text>
    <status value="generated"/><div xmlns="http://www.w3.org/1999/xhtml"><p><b>Generated Narrative</b></p><p></p><p><b>code</b>: <span title="Codes: {http://loinc.org 69443-0}">Did tobacco use contribute to death</span></p><p><b>subject</b>: <a href="Patient-51b806c8-566f-463e-8783-9fbf6be8161d.html">Generated Summary: Social Beneficiary Identifier: 123456789; Example Something Middle Last (OFFICIAL), FirstNameAlias MiddleAlias LastNameAlias (NICKNAME); gender: male; birthDate: 1940-02-19; <span title="Codes: {http://terminology.hl7.org/CodeSystem/v3-MaritalStatus S}">Never Married</span></a></p><p><b>value</b>: <span title="Codes: {http://snomed.info/sct 373066001}">Yes</span></p></div>
  </text>
  <status value="final"/>
  <code>
    <coding>
      <system value="http://loinc.org"/>
      <code value="69443-0"/>
      <display value="Did tobacco use contribute to death"/>
    </coding>
  </code>
  <subject>
    <reference value="Patient/51b806c8-566f-463e-8783-9fbf6be8161d"/>
  </subject>
  <valueCodeableConcept>
    <coding>
      <system value="http://snomed.info/sct"/>
      <code value="373066001"/>
      <display value="Yes"/>
    </coding>
  </valueCodeableConcept>
</Observation>