<?xml version="1.0" encoding="UTF-8"?>

<Observation xmlns="http://hl7.org/fhir">
  <id value="0db13e0d-fea6-4ef1-8285-62d761f61d88"/>
  <meta>
    <versionId value="2"/>
    <lastUpdated value="2020-07-21T00:53:25.201+00:00"/>
    <source value="#brM1jqtwMAqwn7Dl"/>
    <profile value="http://hl7.org/fhir/us/vrdr/StructureDefinition/VRDR-Autopsy-Performed-Indicator"/>
  </meta>
  <text>
    <status value="generated"/><div xmlns="http://www.w3.org/1999/xhtml"><p><b>Generated Narrative</b></p><p></p><p><b>code</b>: <span title="Codes: {http://loinc.org 85699-7}">Autopsy was performed</span></p><p><b>subject</b>: <a href="Patient-51b806c8-566f-463e-8783-9fbf6be8161d.html">Generated Summary: Social Beneficiary Identifier: 123456789; Example Something Middle Last (OFFICIAL), FirstNameAlias MiddleAlias LastNameAlias (NICKNAME); gender: male; birthDate: 1940-02-19; <span title="Codes: {http://terminology.hl7.org/CodeSystem/v3-MaritalStatus S}">Never Married</span></a></p><p><b>value</b>: <span title="Codes: {http://terminology.hl7.org/CodeSystem/v2-0136 Y}">Yes</span></p><h3>Components</h3><table class="grid"><tr><td>-</td><td><b>Code</b></td><td><b>Value[x]</b></td></tr><tr><td>*</td><td><span title="Codes: {http://loinc.org 69436-4}">Autopsy results available</span></td><td><span title="Codes: {http://terminology.hl7.org/CodeSystem/v2-0136 Y}">Yes</span></td></tr></table></div>
  </text>
  <status value="final"/>
  <code>
    <coding>
      <system value="http://loinc.org"/>
      <code value="85699-7"/>
      <display value="Autopsy was performed"/>
    </coding>
  </code>
  <subject>
    <reference value="Patient/51b806c8-566f-463e-8783-9fbf6be8161d"/>
  </subject>
  <valueCodeableConcept>
    <coding>
      <system value="http://terminology.hl7.org/CodeSystem/v2-0136"/>
      <code value="Y"/>
      <display value="Yes"/>
    </coding>
  </valueCodeableConcept>
  <component>
    <code>
      <coding>
        <system value="http://loinc.org"/>
        <code value="69436-4"/>
        <display value="Autopsy results available"/>
      </coding>
    </code>
    <valueCodeableConcept>
      <coding>
        <system value="http://terminology.hl7.org/CodeSystem/v2-0136"/>
        <code value="Y"/>
        <display value="Yes"/>
      </coding>
    </valueCodeableConcept>
  </component>
</Observation>