<?xml version="1.0" encoding="UTF-8"?>

<Observation xmlns="http://hl7.org/fhir">
  <id value="b531cbf7-6290-424c-8155-0549c3fb3243"/>
  <meta>
    <versionId value="1"/>
    <lastUpdated value="2020-07-21T05:13:38.793+00:00"/>
    <source value="#JE1pSryeOBG0VdGY"/>
    <profile value="http://hl7.org/fhir/us/vrdr/StructureDefinition/VRDR-Death-Date"/>
  </meta>
  <text>
    <status value="generated"/><div xmlns="http://www.w3.org/1999/xhtml"><p><b>Generated Narrative</b></p><p></p><p><b>code</b>: <span title="Codes: {http://loinc.org 81956-5}">Date+time of death</span></p><p><b>subject</b>: <a href="Patient-51b806c8-566f-463e-8783-9fbf6be8161d.html">Generated Summary: Social Beneficiary Identifier: 123456789; Example Something Middle Last (OFFICIAL), FirstNameAlias MiddleAlias LastNameAlias (NICKNAME); gender: male; </a></p><p><b style="color: maroon">Exception generating Narrative: null</b></p></div>
  </text>
  <status value="final"/>
  <code>
    <coding>
      <system value="http://loinc.org"/>
      <code value="81956-5"/>
      <display value="Date+time of death"/>
    </coding>
  </code>
  <subject>
    <reference value="Patient/51b806c8-566f-463e-8783-9fbf6be8161d"/>
  </subject>
  <effectiveDateTime value="2021-02-20T16:48:06-05:00"/>
  <performer>
    <reference value="Practitioner/cb1219bc-785f-431c-9f56-b8fbbe78bc4d"/>
  </performer>
  <valueDateTime>
    <extension url="http://hl7.org/fhir/us/vrdr/StructureDefinition/VRDR-Partial-date-part-absent-reason">
      <extension url="date-year">
        <valueInteger value="2021"/>
      </extension>
      <extension url="date-month">
        <valueInteger value="2"/>
      </extension>
      <extension url="day-absent-reason">
        <valueCode value="asked-unknown"/>
      </extension>
    </extension>
  </valueDateTime>
  <component>
    <code>
      <coding>
        <system value="http://loinc.org"/>
        <code value="80616-6"/>
        <display value="Date and time pronounced dead [US Standard Certificate of Death]"/>
      </coding>
    </code>
    <valueDateTime value="2021-02-20T16:48:06-05:00"/>
  </component>
</Observation>