<?xml version="1.0" encoding="UTF-8"?>

<Patient xmlns="http://hl7.org/fhir">
  <id value="51b806c8-566f-463e-8783-9fbf6be8161d"/>
  <meta>
    <versionId value="4"/>
    <lastUpdated value="2020-07-22T19:41:31.297+00:00"/>
    <source value="#EoJNRyx11BYIT5J6"/>
    <profile value="http://hl7.org/fhir/us/vrdr/StructureDefinition/VRDR-Decedent"/>
  </meta>
  <text>
    <status value="extensions"/><div xmlns="http://www.w3.org/1999/xhtml"><p><b>Generated Narrative</b></p><blockquote><p><b>US Core Race Extension</b></p><p><b>value</b>: <span title="{urn:oid:2.16.840.1.113883.6.238 2106-3}">White</span></p><p><b>value</b>: <span title="{urn:oid:2.16.840.1.113883.6.238 1002-5}">American Indian or Alaska Native</span></p><p><b>value</b>: <span title="{urn:oid:2.16.840.1.113883.6.238 2028-9}">Asian</span></p><p><b>value</b>: <span title="{urn:oid:2.16.840.1.113883.6.238 1586-7}">Shoshone</span></p><p><b>value</b>: <span title="{urn:oid:2.16.840.1.113883.6.238 2036-2}">Filipino</span></p><p><b>value</b>: Mixed</p></blockquote><blockquote><p><b>US Core Ethnicity Extension</b></p><p><b>value</b>: <span title="{urn:oid:2.16.840.1.113883.6.238 2135-2}">Hispanic or Latino</span></p><p><b>value</b>: <span title="{urn:oid:2.16.840.1.113883.6.238 2184-0}">Dominican</span></p><p><b>value</b>: <span title="{urn:oid:2.16.840.1.113883.6.238 2148-5}">Mexican</span></p><p><b>value</b>: Hispanic or Latino</p></blockquote><p><b>US Core Birth Sex Extension</b>: F</p><p><b>identifier</b>: Social Beneficiary Identifier: 123456789</p><p><b>name</b>: Example Something Middle Last (OFFICIAL), FirstNameAlias MiddleAlias LastNameAlias (NICKNAME)</p><p><b>gender</b>: male</p><p><b>birthDate</b>: </p><p><b style="color: maroon">Exception generating Narrative: null</b></p></div>
  </text>
  <extension url="http://hl7.org/fhir/us/core/StructureDefinition/us-core-race">
    <extension url="ombCategory">
      <valueCoding>
        <system value="urn:oid:2.16.840.1.113883.6.238"/>
        <code value="2106-3"/>
        <display value="White"/>
      </valueCoding>
    </extension>
    <extension url="ombCategory">
      <valueCoding>
        <system value="urn:oid:2.16.840.1.113883.6.238"/>
        <code value="1002-5"/>
        <display value="American Indian or Alaska Native"/>
      </valueCoding>
    </extension>
    <extension url="ombCategory">
      <valueCoding>
        <system value="urn:oid:2.16.840.1.113883.6.238"/>
        <code value="2028-9"/>
        <display value="Asian"/>
      </valueCoding>
    </extension>
    <extension url="detailed">
      <valueCoding>
        <system value="urn:oid:2.16.840.1.113883.6.238"/>
        <code value="1586-7"/>
        <display value="Shoshone"/>
      </valueCoding>
    </extension>
    <extension url="detailed">
      <valueCoding>
        <system value="urn:oid:2.16.840.1.113883.6.238"/>
        <code value="2036-2"/>
        <display value="Filipino"/>
      </valueCoding>
    </extension>
    <extension url="text">
      <valueString value="Mixed"/>
    </extension>
  </extension>
  <extension url="http://hl7.org/fhir/us/core/StructureDefinition/us-core-ethnicity">
    <extension url="ombCategory">
      <valueCoding>
        <system value="urn:oid:2.16.840.1.113883.6.238"/>
        <code value="2135-2"/>
        <display value="Hispanic or Latino"/>
      </valueCoding>
    </extension>
    <extension url="detailed">
      <valueCoding>
        <system value="urn:oid:2.16.840.1.113883.6.238"/>
        <code value="2184-0"/>
        <display value="Dominican"/>
      </valueCoding>
    </extension>
    <extension url="detailed">
      <valueCoding>
        <system value="urn:oid:2.16.840.1.113883.6.238"/>
        <code value="2148-5"/>
        <display value="Mexican"/>
      </valueCoding>
    </extension>
    <extension url="text">
      <valueString value="Hispanic or Latino"/>
    </extension>
  </extension>
  <extension url="http://hl7.org/fhir/us/core/StructureDefinition/us-core-birthsex">
    <valueCode value="F"/>
  </extension>
  <identifier>
    <type>
      <coding>
        <system value="http://terminology.hl7.org/CodeSystem/v2-0203"/>
        <code value="SB"/>
        <display value="Social Beneficiary Identifier"/>
      </coding>
    </type>
    <system value="http://hl7.org/fhir/sid/us-ssn"/>
    <value value="123456789"/>
  </identifier>
  <name>
    <use value="official"/>
    <family value="Last"/>
    <given value="Example"/>
    <given value="Something"/>
    <given value="Middle"/>
    <suffix value="Jr."/>
  </name>
  <name>
    <use value="nickname"/>
    <family value="LastNameAlias"/>
    <given value="FirstNameAlias"/>
    <given value="MiddleAlias"/>
    <suffix value="Jr."/>
  </name>
  <gender value="male"/>
  <birthDate>
    <extension url="http://hl7.org/fhir/us/vrdr/StructureDefinition/VRDR-Partial-date-part-absent-reason">
      <extension url="year-absent-reason">
        <valueCode value="asked-unknown"/>
      </extension>
      <extension url="date-month">
        <valueInteger value="2"/>
      </extension>
      <extension url="date-day">
        <valueInteger value="24"/>
      </extension>
    </extension>
  </birthDate>
  <address>
    <extension url="http://hl7.org/fhir/us/vrdr/StructureDefinition/Within-City-Limits-Indicator">
      <valueCoding>
        <system value="http://terminology.hl7.org/CodeSystem/v2-0136"/>
        <code value="N"/>
        <display value="No"/>
      </valueCoding>
    </extension>
    <line value="101 Example Street"/>
    <line value="Line 2"/>
    <city value="Bedford"/>
    <district value="Middlesex"/>
    <state value="MA"/>
    <postalCode value="01730"/>
    <country value="United States"/>
  </address>
  <maritalStatus>
    <coding>
      <system value="http://terminology.hl7.org/CodeSystem/v3-MaritalStatus"/>
      <code value="S"/>
      <display value="Never Married"/>
    </coding>
  </maritalStatus>
</Patient>