<?xml version="1.0" encoding="UTF-8"?>

<Procedure xmlns="http://hl7.org/fhir">
  <id value="219ef5e3-ed0c-4dab-88eb-b114daaebd73"/>
  <meta>
    <versionId value="1"/>
    <lastUpdated value="2020-07-21T01:43:10.674+00:00"/>
    <source value="#8k18Qj8mbpzIKsUn"/>
    <profile value="http://hl7.org/fhir/us/vrdr/StructureDefinition/VRDR-Death-Certification"/>
  </meta>
  <text>
    <status value="generated"/><div xmlns="http://www.w3.org/1999/xhtml"><p><b>Generated Narrative</b></p><p><b>identifier</b>: id: aabcde9876543210</p><p><b>status</b>: completed</p><p><b>category</b>: <span title="Codes: {http://snomed.info/sct 103693007}">Diagnostic procedure</span></p><p><b>code</b>: <span title="Codes: {http://snomed.info/sct 308646001}">Death certification</span></p><p><b>subject</b>: <a href="Patient-51b806c8-566f-463e-8783-9fbf6be8161d.html">Generated Summary: Social Beneficiary Identifier: 123456789; Example Something Middle Last (OFFICIAL), FirstNameAlias MiddleAlias LastNameAlias (NICKNAME); gender: male; </a></p><p><b style="color: maroon">Exception generating Narrative: null</b></p></div>
  </text>
  <identifier>
    <value value="aabcde9876543210"/>
  </identifier>
  <status value="completed"/>
  <category>
    <coding>
      <system value="http://snomed.info/sct"/>
      <code value="103693007"/>
      <display value="Diagnostic procedure"/>
    </coding>
  </category>
  <code>
    <coding>
      <system value="http://snomed.info/sct"/>
      <code value="308646001"/>
      <display value="Death certification"/>
    </coding>
  </code>
  <subject>
    <reference value="Patient/51b806c8-566f-463e-8783-9fbf6be8161d"/>
  </subject>
  <performedDateTime value="2019-01-29T16:48:06-05:00"/>
  <performer>
    <function>
      <coding>
        <system value="http://snomed.info/sct"/>
        <code value="309343006"/>
        <display value="Physician"/>
      </coding>
    </function>
    <actor>
      <reference value="Practitioner/cb1219bc-785f-431c-9f56-b8fbbe78bc4d"/>
    </actor>
  </performer>
</Procedure>