<?xml version="1.0" encoding="UTF-8"?><ImplementationGuide xmlns="http://hl7.org/fhir"><id value="hl7.fhir.us.vrdr"/><text><status value="extensions"/><div xmlns="http://www.w3.org/1999/xhtml"><h2>VRDR</h2><p>The official URL for this implementation guide is: </p><pre>http://hl7.org/fhir/us/vrdr/ImplementationGuide/hl7.fhir.us.vrdr</pre></div></text><url value="http://hl7.org/fhir/us/vrdr/ImplementationGuide/hl7.fhir.us.vrdr"/><version value="1.2.0"/><name value="VRDR"/><status value="draft"/><date value="2021-09-22T19:59:17+00:00"/><publisher value="HL7 Public Health Working Group"/><contact><name value="HL7 Public Health Working Group"/><telecom><system value="url"/><value value="http://www.hl7.org/Special/committees/pher/index.cfm"/></telecom><telecom><system value="email"/><value value="pher@lists.HL7.org"/></telecom></contact><jurisdiction><coding><system value="urn:iso:std:iso:3166"/><code value="US"/></coding></jurisdiction><packageId value="hl7.fhir.us.vrdr"/><license value="CC0-1.0"/><fhirVersion value="4.0.1"/><dependsOn id="hl7_fhir_us_core"><uri value="http://hl7.org/fhir/us/core/ImplementationGuide/hl7.fhir.us.core"/><packageId value="hl7.fhir.us.core"/><version value="3.1.0"/></dependsOn><dependsOn id="hl7_fhir_us_vr_common_library"><uri value="http://hl7.org/fhir/us/vr-common-library/ImplementationGuide/hl7.fhir.us.vr-common-library"/><packageId value="hl7.fhir.us.vr-common-library"/><version value="0.1.0"/></dependsOn><dependsOn id="hl7_fhir_us_odh"><uri value="http://hl7.org/fhir/us/odh/ImplementationGuide/hl7.fhir.us.odh"/><packageId value="hl7.fhir.us.odh"/><version value="1.0.0"/></dependsOn><dependsOn id="us_cdc_phinvads"><uri value="http://fhir.org/packages/us.cdc.phinvads"/><packageId value="us.cdc.phinvads"/><version value="0.7.0"/></dependsOn><definition><extension url="http://hl7.org/fhir/tools/StructureDefinition/ig-parameter"><extension url="code"><valueString value="copyrightyear"/></extension><extension url="value"><valueString value="2021+"/></extension></extension><extension url="http://hl7.org/fhir/tools/StructureDefinition/ig-parameter"><extension url="code"><valueString value="releaselabel"/></extension><extension url="value"><valueString value="STU 2 (Post-Ballot, Pre-Publication Draft)"/></extension></extension><extension url="http://hl7.org/fhir/tools/StructureDefinition/ig-parameter"><extension url="code"><valueString value="show-inherited-invariants"/></extension><extension url="value"><valueString value="false"/></extension></extension><extension url="http://hl7.org/fhir/tools/StructureDefinition/ig-parameter"><extension url="code"><valueString value="jira-code"/></extension><extension url="value"><valueString value="vrdr"/></extension></extension><extension url="http://hl7.org/fhir/tools/StructureDefinition/ig-parameter"><extension url="code"><valueString value="path-history"/></extension><extension url="value"><valueString value="http://hl7.org/fhir/us/vrdr/history.html"/></extension></extension><extension url="http://hl7.org/fhir/tools/StructureDefinition/ig-parameter"><extension url="code"><valueString value="path-liquid"/></extension><extension url="value"><valueString value="template/liquid"/></extension></extension><extension url="http://hl7.org/fhir/tools/StructureDefinition/ig-parameter"><extension url="code"><valueString value="path-liquid"/></extension><extension url="value"><valueString value="input/liquid"/></extension></extension><extension url="http://hl7.org/fhir/tools/StructureDefinition/ig-parameter"><extension url="code"><valueString value="path-qa"/></extension><extension url="value"><valueString value="temp/qa"/></extension></extension><extension url="http://hl7.org/fhir/tools/StructureDefinition/ig-parameter"><extension url="code"><valueString value="path-temp"/></extension><extension url="value"><valueString value="temp/pages"/></extension></extension><extension url="http://hl7.org/fhir/tools/StructureDefinition/ig-parameter"><extension url="code"><valueString value="path-output"/></extension><extension url="value"><valueString value="output"/></extension></extension><extension url="http://hl7.org/fhir/tools/StructureDefinition/ig-parameter"><extension url="code"><valueString value="path-suppressed-warnings"/></extension><extension url="value"><valueString value="input/ignoreWarnings.txt"/></extension></extension><extension url="http://hl7.org/fhir/tools/StructureDefinition/ig-parameter"><extension url="code"><valueString value="template-html"/></extension><extension url="value"><valueString value="template-page.html"/></extension></extension><extension url="http://hl7.org/fhir/tools/StructureDefinition/ig-parameter"><extension url="code"><valueString value="template-md"/></extension><extension url="value"><valueString value="template-page-md.html"/></extension></extension><extension url="http://hl7.org/fhir/tools/StructureDefinition/ig-parameter"><extension url="code"><valueString value="apply-contact"/></extension><extension url="value"><valueString value="true"/></extension></extension><extension url="http://hl7.org/fhir/tools/StructureDefinition/ig-parameter"><extension url="code"><valueString value="apply-context"/></extension><extension url="value"><valueString value="true"/></extension></extension><extension url="http://hl7.org/fhir/tools/StructureDefinition/ig-parameter"><extension url="code"><valueString value="apply-copyright"/></extension><extension url="value"><valueString value="true"/></extension></extension><extension url="http://hl7.org/fhir/tools/StructureDefinition/ig-parameter"><extension url="code"><valueString value="apply-jurisdiction"/></extension><extension url="value"><valueString value="true"/></extension></extension><extension url="http://hl7.org/fhir/tools/StructureDefinition/ig-parameter"><extension url="code"><valueString value="apply-license"/></extension><extension url="value"><valueString value="true"/></extension></extension><extension url="http://hl7.org/fhir/tools/StructureDefinition/ig-parameter"><extension url="code"><valueString value="apply-publisher"/></extension><extension url="value"><valueString value="true"/></extension></extension><extension url="http://hl7.org/fhir/tools/StructureDefinition/ig-parameter"><extension url="code"><valueString value="apply-version"/></extension><extension url="value"><valueString value="true"/></extension></extension><extension url="http://hl7.org/fhir/tools/StructureDefinition/ig-parameter"><extension url="code"><valueString value="active-tables"/></extension><extension url="value"><valueString value="true"/></extension></extension><grouping id="-str-profile"><name value="Structures: Resource Profiles"/><description value="These define constraints on FHIR resources for systems conforming to this implementation guide"/></grouping><grouping id="-str-extension"><name value="Structures: Extension Definitions"/><description value="These define constraints on FHIR data types for systems conforming to this implementation guide"/></grouping><grouping id="-term-valueset"><name value="Terminology: Value Sets"/><description value="These define sets of codes used by systems conforming to this implementation guide"/></grouping><grouping id="-term-codesystem"><name value="Terminology: Code Systems"/><description value="These define new code systems used by systems conforming to this implementation guide"/></grouping><grouping id="-ex-example"><name value="Example: Example Instances"/><description value="These are example instances that show what data produced and consumed by systems conforming with this implementation guide might look like"/></grouping><resource><extension url="http://hl7.org/fhir/StructureDefinition/implementationguide-page"><valueUri value="StructureDefinition-VRDR-Cause-Of-Death-Condition.html"/></extension><reference><reference value="StructureDefinition/VRDR-Cause-Of-Death-Condition"/></reference><name value="VRDR Cause Of Death Condition"/><description value="The Cause of Death Condition profile reflects one of the eventually ordered causes of death asserted by the death certifier. The cause of death is initially specified with text. It is sent to NCHS for encoding and returned as a coded cause of death prior to submission of the completed death report. The Cause Of Death Condition profile builds upon the FHIR Condition resource."/><exampleBoolean value="false"/><groupingId value="-str-profile"/></resource><resource><extension url="http://hl7.org/fhir/StructureDefinition/implementationguide-page"><valueUri value="StructureDefinition-VRDR-Condition-Contributing-To-Death.html"/></extension><reference><reference value="StructureDefinition/VRDR-Condition-Contributing-To-Death"/></reference><name value="VRDR Condition Contributing To Death"/><description value="The Condition Contributing to Death profile is used to identify factors contributing to the cause of death as asserted by the death certifier. The Condition Contributing To Death profile builds upon the FHIR condition resource."/><exampleBoolean value="false"/><groupingId value="-str-profile"/></resource><resource><extension url="http://hl7.org/fhir/StructureDefinition/implementationguide-page"><valueUri value="StructureDefinition-VRDR-Death-Certificate.html"/></extension><reference><reference value="StructureDefinition/VRDR-Death-Certificate"/></reference><name value="VRDR Death Certificate"/><description value="The Death Certificate profile is the body of the death certificate document. It builds upon the FHIR Composition resource."/><exampleBoolean value="false"/><groupingId value="-str-profile"/></resource><resource><extension url="http://hl7.org/fhir/StructureDefinition/implementationguide-page"><valueUri value="StructureDefinition-VRDR-Death-Certificate-Document.html"/></extension><reference><reference value="StructureDefinition/VRDR-Death-Certificate-Document"/></reference><name value="VRDR Death Certificate Document"/><description value="The Death Certificate Document profile is a bundle of resources comprising the death certificate composition. The Death Certificate Document builds upon the FHIR Document resource."/><exampleBoolean value="false"/><groupingId value="-str-profile"/></resource><resource><extension url="http://hl7.org/fhir/StructureDefinition/implementationguide-page"><valueUri value="StructureDefinition-VRDR-Death-Certificate-Reference.html"/></extension><reference><reference value="StructureDefinition/VRDR-Death-Certificate-Reference"/></reference><name value="VRDR Death Certificate Reference"/><description value="The Death Certificate Reference profile is used to enable interested parties to assign local identifiers to the death certificate document. The Death Certificate Reference profile builds upon the FHIR Document Reference resource."/><exampleBoolean value="false"/><groupingId value="-str-profile"/></resource><resource><extension url="http://hl7.org/fhir/StructureDefinition/implementationguide-page"><valueUri value="StructureDefinition-VRDR-Death-Certification.html"/></extension><reference><reference value="StructureDefinition/VRDR-Death-Certification"/></reference><name value="VRDR Death Certification"/><exampleBoolean value="false"/><groupingId value="-str-profile"/></resource><resource><extension url="http://hl7.org/fhir/StructureDefinition/implementationguide-page"><valueUri value="StructureDefinition-VRDR-Death-Location.html"/></extension><reference><reference value="StructureDefinition/VRDR-Death-Location"/></reference><name value="VRDR Death Location"/><exampleBoolean value="false"/><groupingId value="-str-profile"/></resource><resource><extension url="http://hl7.org/fhir/StructureDefinition/implementationguide-page"><valueUri value="StructureDefinition-VRDR-Death-Pronouncement-Performer.html"/></extension><reference><reference value="StructureDefinition/VRDR-Death-Pronouncement-Performer"/></reference><name value="VRDR Death Pronouncement Performer"/><exampleBoolean value="false"/><groupingId value="-str-profile"/></resource><resource><extension url="http://hl7.org/fhir/StructureDefinition/implementationguide-page"><valueUri value="StructureDefinition-VRDR-Decedent.html"/></extension><reference><reference value="StructureDefinition/VRDR-Decedent"/></reference><name value="VRDR Decedent"/><exampleBoolean value="false"/><groupingId value="-str-profile"/></resource><resource><extension url="http://hl7.org/fhir/StructureDefinition/implementationguide-page"><valueUri value="StructureDefinition-VRDR-Decedent-Age.html"/></extension><reference><reference value="StructureDefinition/VRDR-Decedent-Age"/></reference><name value="VRDR Decedent Age"/><description value="The decedent&#39;s chronological age at the time of death. When present, the effective date of this observation shall be equal to the decedent&#39;s date of death. Age is derived as the difference in time between the decedent&#39;s death date and birth date. When age is less than one day then unit shall be minutes, when age is less than one year then unit shall be days, else unit shall be years."/><exampleBoolean value="false"/><groupingId value="-str-profile"/></resource><resource><extension url="http://hl7.org/fhir/StructureDefinition/implementationguide-page"><valueUri value="StructureDefinition-VRDR-Decedent-Education-Level.html"/></extension><reference><reference value="StructureDefinition/VRDR-Decedent-Education-Level"/></reference><name value="VRDR Decedent Education Level"/><exampleBoolean value="false"/><groupingId value="-str-profile"/></resource><resource><extension url="http://hl7.org/fhir/StructureDefinition/implementationguide-page"><valueUri value="StructureDefinition-VRDR-Decedent-Father.html"/></extension><reference><reference value="StructureDefinition/VRDR-Decedent-Father"/></reference><name value="Decedent Father"/><exampleBoolean value="false"/><groupingId value="-str-profile"/></resource><resource><extension url="http://hl7.org/fhir/StructureDefinition/implementationguide-page"><valueUri value="StructureDefinition-VRDR-Decedent-Pregnancy.html"/></extension><reference><reference value="StructureDefinition/VRDR-Decedent-Pregnancy"/></reference><name value="VRDR Decedent Pregnancy"/><exampleBoolean value="false"/><groupingId value="-str-profile"/></resource><resource><extension url="http://hl7.org/fhir/StructureDefinition/implementationguide-page"><valueUri value="StructureDefinition-VRDR-Decedent-Spouse.html"/></extension><reference><reference value="StructureDefinition/VRDR-Decedent-Spouse"/></reference><name value="VRDR Decedent Spouse"/><exampleBoolean value="false"/><groupingId value="-str-profile"/></resource><resource><extension url="http://hl7.org/fhir/StructureDefinition/implementationguide-page"><valueUri value="StructureDefinition-VRDR-Decedent-Transportation-Role.html"/></extension><reference><reference value="StructureDefinition/VRDR-Decedent-Transportation-Role"/></reference><name value="VRDR Decedent Transportation Role"/><exampleBoolean value="false"/><groupingId value="-str-profile"/></resource><resource><extension url="http://hl7.org/fhir/StructureDefinition/implementationguide-page"><valueUri value="StructureDefinition-VRDR-Disposition-Location.html"/></extension><reference><reference value="StructureDefinition/VRDR-Disposition-Location"/></reference><name value="VRDR Disposition Location"/><exampleBoolean value="false"/><groupingId value="-str-profile"/></resource><resource><extension url="http://hl7.org/fhir/StructureDefinition/implementationguide-page"><valueUri value="StructureDefinition-VRDR-Examiner-Contacted.html"/></extension><reference><reference value="StructureDefinition/VRDR-Examiner-Contacted"/></reference><name value="VRDR Examiner Contacted"/><exampleBoolean value="false"/><groupingId value="-str-profile"/></resource><resource><extension url="http://hl7.org/fhir/StructureDefinition/implementationguide-page"><valueUri value="StructureDefinition-VRDR-Funeral-Home.html"/></extension><reference><reference value="StructureDefinition/VRDR-Funeral-Home"/></reference><name value="VRDR Funeral Home"/><exampleBoolean value="false"/><groupingId value="-str-profile"/></resource><resource><extension url="http://hl7.org/fhir/StructureDefinition/implementationguide-page"><valueUri value="StructureDefinition-VRDR-Funeral-Home-Director.html"/></extension><reference><reference value="StructureDefinition/VRDR-Funeral-Home-Director"/></reference><name value="VRDR Funeral Home Director"/><exampleBoolean value="false"/><groupingId value="-str-profile"/></resource><resource><extension url="http://hl7.org/fhir/StructureDefinition/implementationguide-page"><valueUri value="StructureDefinition-VRDR-Funeral-Service-Licensee.html"/></extension><reference><reference value="StructureDefinition/VRDR-Funeral-Service-Licensee"/></reference><name value="VRDR Funeral Service Licensee"/><exampleBoolean value="false"/><groupingId value="-str-profile"/></resource><resource><extension url="http://hl7.org/fhir/StructureDefinition/implementationguide-page"><valueUri value="StructureDefinition-VRDR-InjuryIncident.html"/></extension><reference><reference value="StructureDefinition/VRDR-InjuryIncident"/></reference><name value="VRDR Injury Incident"/><exampleBoolean value="false"/><groupingId value="-str-profile"/></resource><resource><extension url="http://hl7.org/fhir/StructureDefinition/implementationguide-page"><valueUri value="StructureDefinition-VRDR-Injury-Location.html"/></extension><reference><reference value="StructureDefinition/VRDR-Injury-Location"/></reference><name value="VRDR Injury Location"/><exampleBoolean value="false"/><groupingId value="-str-profile"/></resource><resource><extension url="http://hl7.org/fhir/StructureDefinition/implementationguide-page"><valueUri value="StructureDefinition-VRDR-Interested-Party.html"/></extension><reference><reference value="StructureDefinition/VRDR-Interested-Party"/></reference><name value="VRDR Interested Party"/><exampleBoolean value="false"/><groupingId value="-str-profile"/></resource><resource><extension url="http://hl7.org/fhir/StructureDefinition/implementationguide-page"><valueUri value="StructureDefinition-VRDR-Manner-of-Death.html"/></extension><reference><reference value="StructureDefinition/VRDR-Manner-of-Death"/></reference><name value="VRDR Manner of Death"/><exampleBoolean value="false"/><groupingId value="-str-profile"/></resource><resource><extension url="http://hl7.org/fhir/StructureDefinition/implementationguide-page"><valueUri value="StructureDefinition-VRDR-Mortician.html"/></extension><reference><reference value="StructureDefinition/VRDR-Mortician"/></reference><name value="VRDR Mortician"/><exampleBoolean value="false"/><groupingId value="-str-profile"/></resource><resource><extension url="http://hl7.org/fhir/StructureDefinition/implementationguide-page"><valueUri value="StructureDefinition-VRDR-National-Reporting-Jurisdiction.html"/></extension><reference><reference value="StructureDefinition/VRDR-National-Reporting-Jurisdiction"/></reference><name value="VRDR National Reporting Jurisdiction"/><description value="The national jurisdiction reporting a death event to the National Center for Health Statistics (NCHS). The identifier of the National Reporting Jurisdiction guide uses a numeric value for a reporting State, territory, or city based on the FIPS5_2 coding system. "/><exampleBoolean value="false"/><groupingId value="-str-profile"/></resource><resource><extension url="http://hl7.org/fhir/StructureDefinition/implementationguide-page"><valueUri value="StructureDefinition-VRDR-Tobacco-Use-Contributed-To-Death.html"/></extension><reference><reference value="StructureDefinition/VRDR-Tobacco-Use-Contributed-To-Death"/></reference><name value="VRDR Tobacco Use Contributed To Death"/><exampleBoolean value="false"/><groupingId value="-str-profile"/></resource><resource><extension url="http://hl7.org/fhir/StructureDefinition/implementationguide-page"><valueUri value="StructureDefinition-VRDR-Autopsy-Performed-Indicator.html"/></extension><reference><reference value="StructureDefinition/VRDR-Autopsy-Performed-Indicator"/></reference><name value="VRDR Autopsy Performed Indicator"/><exampleBoolean value="false"/><groupingId value="-str-profile"/></resource><resource><extension url="http://hl7.org/fhir/StructureDefinition/implementationguide-page"><valueUri value="StructureDefinition-VRDR-BirthRecordIdentifier.html"/></extension><reference><reference value="StructureDefinition/VRDR-BirthRecordIdentifier"/></reference><name value="VRDR Birth Record Identifier"/><exampleBoolean value="false"/><groupingId value="-str-profile"/></resource><resource><extension url="http://hl7.org/fhir/StructureDefinition/implementationguide-page"><valueUri value="StructureDefinition-VRDR-Cause-of-Death-Pathway.html"/></extension><reference><reference value="StructureDefinition/VRDR-Cause-of-Death-Pathway"/></reference><name value="VRDR Cause of Death Pathway"/><description value="VRDR Cause of Death Pathway is an ordered list of cause of death conditions. It builds upon the FHIR LIST resource. The source of VRDR Cause of Death Pathway (LIST.source) is a cause of death certifier. "/><exampleBoolean value="false"/><groupingId value="-str-profile"/></resource><resource><extension url="http://hl7.org/fhir/StructureDefinition/implementationguide-page"><valueUri value="StructureDefinition-VRDR-Certifier.html"/></extension><reference><reference value="StructureDefinition/VRDR-Certifier"/></reference><name value="VRDR Certifier"/><exampleBoolean value="false"/><groupingId value="-str-profile"/></resource><resource><extension url="http://hl7.org/fhir/StructureDefinition/implementationguide-page"><valueUri value="StructureDefinition-VRDR-Death-Date.html"/></extension><reference><reference value="StructureDefinition/VRDR-Death-Date"/></reference><name value="VRDR_DeathDate"/><exampleBoolean value="false"/><groupingId value="-str-profile"/></resource><resource><extension url="http://hl7.org/fhir/StructureDefinition/implementationguide-page"><valueUri value="StructureDefinition-VRDR-Decedent-Disposition-Method.html"/></extension><reference><reference value="StructureDefinition/VRDR-Decedent-Disposition-Method"/></reference><name value="Decedent Disposition Method"/><exampleBoolean value="false"/><groupingId value="-str-profile"/></resource><resource><extension url="http://hl7.org/fhir/StructureDefinition/implementationguide-page"><valueUri value="StructureDefinition-VRDR-Decedent-Military-Service.html"/></extension><reference><reference value="StructureDefinition/VRDR-Decedent-Military-Service"/></reference><name value="Decedent Military Service"/><exampleBoolean value="false"/><groupingId value="-str-profile"/></resource><resource><extension url="http://hl7.org/fhir/StructureDefinition/implementationguide-page"><valueUri value="StructureDefinition-VRDR-Decedent-Mother.html"/></extension><reference><reference value="StructureDefinition/VRDR-Decedent-Mother"/></reference><name value="Decedent Mother"/><exampleBoolean value="false"/><groupingId value="-str-profile"/></resource><resource><extension url="http://hl7.org/fhir/StructureDefinition/implementationguide-page"><valueUri value="StructureDefinition-VRDR-Decedent-Usual-Work.html"/></extension><reference><reference value="StructureDefinition/VRDR-Decedent-Usual-Work"/></reference><name value="VRDR_DecedentUsualWork"/><exampleBoolean value="false"/><groupingId value="-str-profile"/></resource><resource><extension url="http://hl7.org/fhir/StructureDefinition/implementationguide-page"><valueUri value="StructureDefinition-Census-Tract.html"/></extension><reference><reference value="StructureDefinition/Census-Tract"/></reference><name value="CensusTract"/><exampleBoolean value="false"/><groupingId value="-str-extension"/></resource><resource><extension url="http://hl7.org/fhir/StructureDefinition/implementationguide-page"><valueUri value="StructureDefinition-Date-Absent-Reason.html"/></extension><reference><reference value="StructureDefinition/Date-Absent-Reason"/></reference><name value="Date Absent Reason"/><description value="Date Component Absent Reason"/><exampleBoolean value="false"/><groupingId value="-str-extension"/></resource><resource><extension url="http://hl7.org/fhir/StructureDefinition/implementationguide-page"><valueUri value="StructureDefinition-Date-Day.html"/></extension><reference><reference value="StructureDefinition/Date-Day"/></reference><name value="Date Day"/><description value="The ydayear portion (DD) of the partial date."/><exampleBoolean value="false"/><groupingId value="-str-extension"/></resource><resource><extension url="http://hl7.org/fhir/StructureDefinition/implementationguide-page"><valueUri value="StructureDefinition-Date-Month.html"/></extension><reference><reference value="StructureDefinition/Date-Month"/></reference><name value="Date Month"/><description value="The month portion (MM) of the partial date."/><exampleBoolean value="false"/><groupingId value="-str-extension"/></resource><resource><extension url="http://hl7.org/fhir/StructureDefinition/implementationguide-page"><valueUri value="StructureDefinition-Date-Year.html"/></extension><reference><reference value="StructureDefinition/Date-Year"/></reference><name value="Date Year"/><description value="The year portion (YYYY) of the partial date."/><exampleBoolean value="false"/><groupingId value="-str-extension"/></resource><resource><extension url="http://hl7.org/fhir/StructureDefinition/implementationguide-page"><valueUri value="StructureDefinition-Death-Location-Reference.html"/></extension><reference><reference value="StructureDefinition/Death-Location-Reference"/></reference><name value="Death Location Reference"/><exampleBoolean value="false"/><groupingId value="-str-extension"/></resource><resource><extension url="http://hl7.org/fhir/StructureDefinition/implementationguide-page"><valueUri value="StructureDefinition-Disposition-Location-Reference.html"/></extension><reference><reference value="StructureDefinition/Disposition-Location-Reference"/></reference><name value="Disposition Location Reference"/><exampleBoolean value="false"/><groupingId value="-str-extension"/></resource><resource><extension url="http://hl7.org/fhir/StructureDefinition/implementationguide-page"><valueUri value="StructureDefinition-VRDR-Partial-date-part-absent-reason.html"/></extension><reference><reference value="StructureDefinition/VRDR-Partial-date-part-absent-reason"/></reference><name value="Extension - Partial Date Part Absent Reason"/><description value="Provides values of a partial date along with the reason one or more expected date part is missing."/><exampleBoolean value="false"/><groupingId value="-str-extension"/></resource><resource><extension url="http://hl7.org/fhir/StructureDefinition/implementationguide-page"><valueUri value="StructureDefinition-Injury-Location-Reference.html"/></extension><reference><reference value="StructureDefinition/Injury-Location-Reference"/></reference><name value="Injury Location Reference"/><exampleBoolean value="false"/><groupingId value="-str-extension"/></resource><resource><extension url="http://hl7.org/fhir/StructureDefinition/implementationguide-page"><valueUri value="StructureDefinition-Location-Jurisdiction-Id.html"/></extension><reference><reference value="StructureDefinition/Location-Jurisdiction-Id"/></reference><name value="Location Jurisdiction Id"/><exampleBoolean value="false"/><groupingId value="-str-extension"/></resource><resource><extension url="http://hl7.org/fhir/StructureDefinition/implementationguide-page"><valueUri value="StructureDefinition-Observation-Location.html"/></extension><reference><reference value="StructureDefinition/Observation-Location"/></reference><name value="Observation Location"/><description value="The location of the observed phenomenon or entity that is the subject of the observation."/><exampleBoolean value="false"/><groupingId value="-str-extension"/></resource><resource><extension url="http://hl7.org/fhir/StructureDefinition/implementationguide-page"><valueUri value="StructureDefinition-Within-City-Limits-Indicator.html"/></extension><reference><reference value="StructureDefinition/Within-City-Limits-Indicator"/></reference><name value="VRDR Within City Limits Indicator"/><description value="Used to indicate whether or not an address is within city limits. The content of the component shall be a value from the value set Yes No Unknown.  "/><exampleBoolean value="false"/><groupingId value="-str-extension"/></resource><resource><extension url="http://hl7.org/fhir/StructureDefinition/implementationguide-page"><valueUri value="ValueSet-Canada-Provinces-VS.html"/></extension><reference><reference value="ValueSet/Canada-Provinces-VS"/></reference><name value="Canadian Provinces Value Set"/><description value="2 Letter Candadian Provinces Value Set"/><exampleBoolean value="false"/><groupingId value="-term-valueset"/></resource><resource><extension url="http://hl7.org/fhir/StructureDefinition/implementationguide-page"><valueUri value="ValueSet-States-TerritoriesProvinces-VS.html"/></extension><reference><reference value="ValueSet/States-TerritoriesProvinces-VS"/></reference><name value="States, Territories and Provinces Value Set"/><description value="2 Letter States and Provinces Value Set"/><exampleBoolean value="false"/><groupingId value="-term-valueset"/></resource><resource><extension url="http://hl7.org/fhir/StructureDefinition/implementationguide-page"><valueUri value="ValueSet-USStates-Territories-VS.html"/></extension><reference><reference value="ValueSet/USStates-Territories-VS"/></reference><name value="US States, Territories Value Set"/><description value="2 Letter States and Territories Value Set"/><exampleBoolean value="false"/><groupingId value="-term-valueset"/></resource><resource><extension url="http://hl7.org/fhir/StructureDefinition/implementationguide-page"><valueUri value="ValueSet-Jurisdictions-VS.html"/></extension><reference><reference value="ValueSet/Jurisdictions-VS"/></reference><name value="VRDR Jurisdictions Value Set"/><description value="2 Letter States and Provinces Value Set"/><exampleBoolean value="false"/><groupingId value="-term-valueset"/></resource><resource><extension url="http://hl7.org/fhir/StructureDefinition/implementationguide-page"><valueUri value="CodeSystem-VRDR-Jurisdictions.html"/></extension><reference><reference value="CodeSystem/VRDR-Jurisdictions"/></reference><name value="VRDR Jurisdictions"/><description value="VRDR Jurisdictions that are not US States or Territories"/><exampleBoolean value="false"/><groupingId value="-term-codesystem"/></resource><resource><extension url="http://hl7.org/fhir/StructureDefinition/implementationguide-page"><valueUri value="Observation-092e7b13-224d-46a6-ac31-0d98d4c84126.html"/></extension><reference><reference value="Observation/092e7b13-224d-46a6-ac31-0d98d4c84126"/></reference><name value="Decedent Pregnancy Example"/><description value="An instance example of the VRDR-Decedent-Pregnancy resource profile."/><exampleCanonical value="http://hl7.org/fhir/us/vrdr/StructureDefinition/VRDR-Decedent-Pregnancy"/><groupingId value="-ex-example"/></resource><resource><extension url="http://hl7.org/fhir/StructureDefinition/implementationguide-page"><valueUri value="Observation-0db13e0d-fea6-4ef1-8285-62d761f61d88.html"/></extension><reference><reference value="Observation/0db13e0d-fea6-4ef1-8285-62d761f61d88"/></reference><name value="Autopsy Performed Indicator Instance Example"/><description value="Instance example of the Autopsy Performed Indicator resource profile. This example indicates that an autopsy was performed and that the results of the autopsy are available."/><exampleCanonical value="http://hl7.org/fhir/us/vrdr/StructureDefinition/VRDR-Autopsy-Performed-Indicator"/><groupingId value="-ex-example"/></resource><resource><extension url="http://hl7.org/fhir/StructureDefinition/implementationguide-page"><valueUri value="Organization-1a110397-936f-4be4-ab10-2caed226569d.html"/></extension><reference><reference value="Organization/1a110397-936f-4be4-ab10-2caed226569d"/></reference><name value="Interested Party Instance Example"/><description value="An instance example of the Interested Party resource profile. In the example, Example Hospital from MA is an active Healthcare Provider interested party."/><exampleCanonical value="http://hl7.org/fhir/us/vrdr/StructureDefinition/VRDR-Interested-Party"/><groupingId value="-ex-example"/></resource><resource><extension url="http://hl7.org/fhir/StructureDefinition/implementationguide-page"><valueUri value="Procedure-219ef5e3-ed0c-4dab-88eb-b114daaebd73.html"/></extension><reference><reference value="Procedure/219ef5e3-ed0c-4dab-88eb-b114daaebd73"/></reference><name value="Death Certification Instance Example"/><description value="An instance example of a Death Certification resource profile. This example Death Certification procedure performed by a physician on 2019-01-29."/><exampleCanonical value="http://hl7.org/fhir/us/vrdr/StructureDefinition/VRDR-Death-Certification"/><groupingId value="-ex-example"/></resource><resource><extension url="http://hl7.org/fhir/StructureDefinition/implementationguide-page"><valueUri value="Location-361aaa44-9955-4cd4-8f55-9f7df3537e17.html"/></extension><reference><reference value="Location/361aaa44-9955-4cd4-8f55-9f7df3537e17"/></reference><name value="361aaa44-9955-4cd4-8f55-9f7df3537e17"/><exampleCanonical value="http://hl7.org/fhir/us/vrdr/StructureDefinition/VRDR-National-Reporting-Jurisdiction"/><groupingId value="-ex-example"/></resource><resource><extension url="http://hl7.org/fhir/StructureDefinition/implementationguide-page"><valueUri value="Observation-37c086a1-05bd-479c-92b4-1234d38bfe5a.html"/></extension><reference><reference value="Observation/37c086a1-05bd-479c-92b4-1234d38bfe5a"/></reference><name value="Injury Incident Example"/><description value="An instance example of the VRDR-InjuryIncident resource profile."/><exampleCanonical value="http://hl7.org/fhir/us/vrdr/StructureDefinition/VRDR-InjuryIncident"/><groupingId value="-ex-example"/></resource><resource><extension url="http://hl7.org/fhir/StructureDefinition/implementationguide-page"><valueUri value="Observation-4424113f-69c4-40fe-b88f-d7b03304dfe4.html"/></extension><reference><reference value="Observation/4424113f-69c4-40fe-b88f-d7b03304dfe4"/></reference><name value="Decedent Transportation Role Example"/><description value="An instance example of the VRDR-Decedent-Transportation-Role resource profile."/><exampleCanonical value="http://hl7.org/fhir/us/vrdr/StructureDefinition/VRDR-Decedent-Transportation-Role"/><groupingId value="-ex-example"/></resource><resource><extension url="http://hl7.org/fhir/StructureDefinition/implementationguide-page"><valueUri value="Observation-48b230c3-c5b5-4844-83bf-ede59170676e.html"/></extension><reference><reference value="Observation/48b230c3-c5b5-4844-83bf-ede59170676e"/></reference><name value="Decedent Usual Work Example"/><description value="An instance example of the VRDR-Decedent-Usual-Work resource profile."/><exampleCanonical value="http://hl7.org/fhir/us/vrdr/StructureDefinition/VRDR-Decedent-Usual-Work"/><groupingId value="-ex-example"/></resource><resource><extension url="http://hl7.org/fhir/StructureDefinition/implementationguide-page"><valueUri value="Observation-4aed1450-ab2d-4cb9-858f-227b127323a6.html"/></extension><reference><reference value="Observation/4aed1450-ab2d-4cb9-858f-227b127323a6"/></reference><name value="Examiner Contacted Example"/><description value="An instance example of the VRDR-Examiner-Contacted resource profile."/><exampleCanonical value="http://hl7.org/fhir/us/vrdr/StructureDefinition/VRDR-Examiner-Contacted"/><groupingId value="-ex-example"/></resource><resource><extension url="http://hl7.org/fhir/StructureDefinition/implementationguide-page"><valueUri value="Location-4b863da8-1bb5-4b17-9be2-4ea39b5d3a2a.html"/></extension><reference><reference value="Location/4b863da8-1bb5-4b17-9be2-4ea39b5d3a2a"/></reference><name value="Injury Location Example"/><description value="An instance example of the VRDR-Injury-Location resource profile."/><exampleCanonical value="http://hl7.org/fhir/us/vrdr/StructureDefinition/VRDR-Injury-Location"/><groupingId value="-ex-example"/></resource><resource><extension url="http://hl7.org/fhir/StructureDefinition/implementationguide-page"><valueUri value="PractitionerRole-4b96759f-8395-4093-8417-e1ca3cd26f0a.html"/></extension><reference><reference value="PractitionerRole/4b96759f-8395-4093-8417-e1ca3cd26f0a"/></reference><name value="Funeral Service Licensee Example"/><description value="An instance example of the VRDR-Funeral-Service-Licensee resource profile."/><exampleCanonical value="http://hl7.org/fhir/us/vrdr/StructureDefinition/VRDR-Funeral-Service-Licensee"/><groupingId value="-ex-example"/></resource><resource><extension url="http://hl7.org/fhir/StructureDefinition/implementationguide-page"><valueUri value="Observation-4d0ce010-16f1-44f4-bbf8-3a2030e9de99.html"/></extension><reference><reference value="Observation/4d0ce010-16f1-44f4-bbf8-3a2030e9de99"/></reference><name value="Tobacco Use Contributed To Death Example"/><description value="An instance example of the VRDR-Tobacco-Use-Contributed-To-Death resource profile."/><exampleCanonical value="http://hl7.org/fhir/us/vrdr/StructureDefinition/VRDR-Tobacco-Use-Contributed-To-Death"/><groupingId value="-ex-example"/></resource><resource><extension url="http://hl7.org/fhir/StructureDefinition/implementationguide-page"><valueUri value="Patient-51b806c8-566f-463e-8783-9fbf6be8161d.html"/></extension><reference><reference value="Patient/51b806c8-566f-463e-8783-9fbf6be8161d"/></reference><name value="Decedent Instance Example"/><description value="An instance example of the VRDR Decedent resource profile. Mr. Example Last, a White, Native Hawaiian, Hispanic male born 1940-02-19 and residing in Middlesex, MA."/><exampleCanonical value="http://hl7.org/fhir/us/vrdr/StructureDefinition/VRDR-Decedent"/><groupingId value="-ex-example"/></resource><resource><extension url="http://hl7.org/fhir/StructureDefinition/implementationguide-page"><valueUri value="Composition-54fd9b4c-7633-4e34-bf6b-6fbe9d48fd30.html"/></extension><reference><reference value="Composition/54fd9b4c-7633-4e34-bf6b-6fbe9d48fd30"/></reference><name value="Death Certificate Example"/><description value="An instance example of the VRDR-Death-Certificate resource profile."/><exampleCanonical value="http://hl7.org/fhir/us/vrdr/StructureDefinition/VRDR-Death-Certificate"/><groupingId value="-ex-example"/></resource><resource><extension url="http://hl7.org/fhir/StructureDefinition/implementationguide-page"><valueUri value="Condition-56b8ce2e-64f8-450b-8885-0699a53fc781.html"/></extension><reference><reference value="Condition/56b8ce2e-64f8-450b-8885-0699a53fc781"/></reference><name value="Condition Contributing To Death Example"/><description value="An instance example of the VRDR-Condition-Contributing-To-Death resource profile. In this example, the condition is noted as text only. This is typical of a death record outbound from a jurisdictional EDRS to the NCHS."/><exampleCanonical value="http://hl7.org/fhir/us/vrdr/StructureDefinition/VRDR-Condition-Contributing-To-Death"/><groupingId value="-ex-example"/></resource><resource><extension url="http://hl7.org/fhir/StructureDefinition/implementationguide-page"><valueUri value="List-60401545-f1e1-4a80-867f-02384ffed857.html"/></extension><reference><reference value="List/60401545-f1e1-4a80-867f-02384ffed857"/></reference><name value="Cause of Death Pathway Example"/><description value="An instance example of the VRDR-Cause-of-Death-Pathway resource profile."/><exampleCanonical value="http://hl7.org/fhir/us/vrdr/StructureDefinition/VRDR-Cause-of-Death-Pathway"/><groupingId value="-ex-example"/></resource><resource><extension url="http://hl7.org/fhir/StructureDefinition/implementationguide-page"><valueUri value="Observation-636dafac-0d92-4649-b838-004bcf714f5aj.html"/></extension><reference><reference value="Observation/636dafac-0d92-4649-b838-004bcf714f5aj"/></reference><name value="Decedent Military Service Example"/><description value="An instance example of the VRDR-Decedent-Military-Service"/><exampleCanonical value="http://hl7.org/fhir/us/vrdr/StructureDefinition/VRDR-Decedent-Military-Service"/><groupingId value="-ex-example"/></resource><resource><extension url="http://hl7.org/fhir/StructureDefinition/implementationguide-page"><valueUri value="Observation-6606dd3a-49ba-47a9-a6e7-e7e4ebeddac7.html"/></extension><reference><reference value="Observation/6606dd3a-49ba-47a9-a6e7-e7e4ebeddac7"/></reference><name value="Birth Record Identifier Example"/><description value="An instance example of the Birth Record Identifier resource profile.  In this example Birth Record identifier 4242123 denotes Massachusetts and 1940 as the birthplace and birth year of the decedent."/><exampleCanonical value="http://hl7.org/fhir/us/vrdr/StructureDefinition/VRDR-BirthRecordIdentifier"/><groupingId value="-ex-example"/></resource><resource><extension url="http://hl7.org/fhir/StructureDefinition/implementationguide-page"><valueUri value="Organization-6f47da13-0c25-483b-8729-7b96716b17fc.html"/></extension><reference><reference value="Organization/6f47da13-0c25-483b-8729-7b96716b17fc"/></reference><name value="Funeral Home Example"/><description value="An instance example of the VRDR-Funeral-Home resource profile."/><exampleCanonical value="http://hl7.org/fhir/us/vrdr/StructureDefinition/VRDR-Funeral-Home"/><groupingId value="-ex-example"/></resource><resource><extension url="http://hl7.org/fhir/StructureDefinition/implementationguide-page"><valueUri value="Bundle-7a4613cc-b306-49b2-a428-9f8e67e67a85.html"/></extension><reference><reference value="Bundle/7a4613cc-b306-49b2-a428-9f8e67e67a85"/></reference><name value="Death Certificate Document Example"/><description value="An instance example of the VRDR-Death-Certificate-Document resource profile."/><exampleCanonical value="http://hl7.org/fhir/us/vrdr/StructureDefinition/VRDR-Death-Certificate-Document"/><groupingId value="-ex-example"/></resource><resource><extension url="http://hl7.org/fhir/StructureDefinition/implementationguide-page"><valueUri value="Practitioner-80db6f45-8a6d-4583-8a03-55a6663523c2.html"/></extension><reference><reference value="Practitioner/80db6f45-8a6d-4583-8a03-55a6663523c2"/></reference><name value="Mortician Example"/><description value="An instance example of the VRDR-Mortician resource profile."/><exampleCanonical value="http://hl7.org/fhir/us/vrdr/StructureDefinition/VRDR-Mortician"/><groupingId value="-ex-example"/></resource><resource><extension url="http://hl7.org/fhir/StructureDefinition/implementationguide-page"><valueUri value="RelatedPerson-89ababc6-8c2a-4e76-9f53-8677822f54a9.html"/></extension><reference><reference value="RelatedPerson/89ababc6-8c2a-4e76-9f53-8677822f54a9"/></reference><name value="Decedent Mother Example"/><description value="An instance example of the VRDR-Decedent-Mother resource profile."/><exampleCanonical value="http://hl7.org/fhir/us/vrdr/StructureDefinition/VRDR-Decedent-Mother"/><groupingId value="-ex-example"/></resource><resource><extension url="http://hl7.org/fhir/StructureDefinition/implementationguide-page"><valueUri value="Practitioner-9102c234-53ca-4066-8452-42f3ba751c7d.html"/></extension><reference><reference value="Practitioner/9102c234-53ca-4066-8452-42f3ba751c7d"/></reference><name value="Death Pronouncement Performer Example"/><description value="An instance example of the VRDR-Death-Pronouncement-Performer resource profile"/><exampleCanonical value="http://hl7.org/fhir/us/vrdr/StructureDefinition/VRDR-Death-Pronouncement-Performer"/><groupingId value="-ex-example"/></resource><resource><extension url="http://hl7.org/fhir/StructureDefinition/implementationguide-page"><valueUri value="RelatedPerson-962fded4-b90a-44f7-950e-3832011ad65f.html"/></extension><reference><reference value="RelatedPerson/962fded4-b90a-44f7-950e-3832011ad65f"/></reference><name value="Decedent Spouse Example"/><description value="An instance example of the VRDR-Decedent-Spouse example."/><exampleCanonical value="http://hl7.org/fhir/us/vrdr/StructureDefinition/VRDR-Decedent-Spouse"/><groupingId value="-ex-example"/></resource><resource><extension url="http://hl7.org/fhir/StructureDefinition/implementationguide-page"><valueUri value="Observation-9676ae27-2a89-4295-913c-0d6847300a3a.html"/></extension><reference><reference value="Observation/9676ae27-2a89-4295-913c-0d6847300a3a"/></reference><name value="Decedent Education Level Example"/><description value="An instance example of the VRDR-Decedent-Education-Level resource profile."/><exampleCanonical value="http://hl7.org/fhir/us/vrdr/StructureDefinition/VRDR-Decedent-Education-Level"/><groupingId value="-ex-example"/></resource><resource><extension url="http://hl7.org/fhir/StructureDefinition/implementationguide-page"><valueUri value="RelatedPerson-976c548f-9460-42f2-b41e-390b3bee91c8.html"/></extension><reference><reference value="RelatedPerson/976c548f-9460-42f2-b41e-390b3bee91c8"/></reference><name value="Decedent Father Example"/><description value="An instance example of the VRDR-Decedent-Father resource profile."/><exampleCanonical value="http://hl7.org/fhir/us/vrdr/StructureDefinition/VRDR-Decedent-Father"/><groupingId value="-ex-example"/></resource><resource><extension url="http://hl7.org/fhir/StructureDefinition/implementationguide-page"><valueUri value="Observation-b531cbf7-6290-424c-8155-0549c3fb3243.html"/></extension><reference><reference value="Observation/b531cbf7-6290-424c-8155-0549c3fb3243"/></reference><name value="Death Date Example"/><description value="An instance example of the VRDR-Death-Date resource profile. In this example, the date and time of death is 2018-02-20T16:48:06-05:00. The Date and time pronounced dead is also  2018-02-20T16:48:06-05:00."/><exampleCanonical value="http://hl7.org/fhir/us/vrdr/StructureDefinition/VRDR-Death-Date"/><groupingId value="-ex-example"/></resource><resource><extension url="http://hl7.org/fhir/StructureDefinition/implementationguide-page"><valueUri value="Location-b7de6056-817f-4d73-9830-ce566accd044.html"/></extension><reference><reference value="Location/b7de6056-817f-4d73-9830-ce566accd044"/></reference><name value="Death Location Example"/><description value="An instance example of the VRDR-Death-Location resource profile."/><exampleCanonical value="http://hl7.org/fhir/us/vrdr/StructureDefinition/VRDR-Death-Location"/><groupingId value="-ex-example"/></resource><resource><extension url="http://hl7.org/fhir/StructureDefinition/implementationguide-page"><valueUri value="DocumentReference-bafe16b9-8b50-47e1-829a-a7dbafb45e05.html"/></extension><reference><reference value="DocumentReference/bafe16b9-8b50-47e1-829a-a7dbafb45e05"/></reference><name value="Death Certificate Reference Example"/><description value="An instance example of the VRDR-Death-Certificate-Reference resource profile."/><exampleCanonical value="http://hl7.org/fhir/us/vrdr/StructureDefinition/VRDR-Death-Certificate-Reference"/><groupingId value="-ex-example"/></resource><resource><extension url="http://hl7.org/fhir/StructureDefinition/implementationguide-page"><valueUri value="Location-bbe38248-9a8d-414f-996e-58d5fc9eb800.html"/></extension><reference><reference value="Location/bbe38248-9a8d-414f-996e-58d5fc9eb800"/></reference><name value="Disposition Location Example"/><description value="Instance example of the VRDR-Disposition-Location resource profile."/><exampleCanonical value="http://hl7.org/fhir/us/vrdr/StructureDefinition/VRDR-Disposition-Location"/><groupingId value="-ex-example"/></resource><resource><extension url="http://hl7.org/fhir/StructureDefinition/implementationguide-page"><valueUri value="Practitioner-cb1219bc-785f-431c-9f56-b8fbbe78bc4d.html"/></extension><reference><reference value="Practitioner/cb1219bc-785f-431c-9f56-b8fbbe78bc4d"/></reference><name value="Certifier Instance Example"/><description value="An instance example of a Certifier resource profile. This example is a certifying physician."/><exampleCanonical value="http://hl7.org/fhir/us/vrdr/StructureDefinition/VRDR-Certifier"/><groupingId value="-ex-example"/></resource><resource><extension url="http://hl7.org/fhir/StructureDefinition/implementationguide-page"><valueUri value="Observation-d7c2e459-c7ca-415c-a38c-f78a0f0c5813.html"/></extension><reference><reference value="Observation/d7c2e459-c7ca-415c-a38c-f78a0f0c5813"/></reference><name value="Manner of Death Example"/><description value="An instance example of the VRDR-Manner-of-Death resource profile."/><exampleCanonical value="http://hl7.org/fhir/us/vrdr/StructureDefinition/VRDR-Manner-of-Death"/><groupingId value="-ex-example"/></resource><resource><extension url="http://hl7.org/fhir/StructureDefinition/implementationguide-page"><valueUri value="Observation-d80681ff-9f1d-4915-87b5-eda54534096a.html"/></extension><reference><reference value="Observation/d80681ff-9f1d-4915-87b5-eda54534096a"/></reference><name value="Decedent Disposition Method Example"/><description value="An instance example of the VRDR-Decedent-Disposition-Method resource profile."/><exampleCanonical value="http://hl7.org/fhir/us/vrdr/StructureDefinition/VRDR-Decedent-Disposition-Method"/><groupingId value="-ex-example"/></resource><resource><extension url="http://hl7.org/fhir/StructureDefinition/implementationguide-page"><valueUri value="Observation-df5a2807-e0b2-4971-9820-efdbbbfcef7b.html"/></extension><reference><reference value="Observation/df5a2807-e0b2-4971-9820-efdbbbfcef7b"/></reference><name value="Decedent Age Example"/><description value="An instance example of the VRDR-Decedent-Age resource profile. In this example, the decedent is identified as 79 years in age."/><exampleCanonical value="http://hl7.org/fhir/us/vrdr/StructureDefinition/VRDR-Decedent-Age"/><groupingId value="-ex-example"/></resource><resource><extension url="http://hl7.org/fhir/StructureDefinition/implementationguide-page"><valueUri value="Condition-f0cbc63d-ac4e-469b-8761-70b6ea8bf666.html"/></extension><reference><reference value="Condition/f0cbc63d-ac4e-469b-8761-70b6ea8bf666"/></reference><name value="Cause Of Death Condition Example"/><description value="An instance example of the VRDR-Cause-Of-Death-Condition resource profile."/><exampleCanonical value="http://hl7.org/fhir/us/vrdr/StructureDefinition/VRDR-Cause-Of-Death-Condition"/><groupingId value="-ex-example"/></resource><resource><extension url="http://hl7.org/fhir/StructureDefinition/implementationguide-page"><valueUri value="Parameters-terminology-settings.html"/></extension><reference><reference value="Parameters/terminology-settings"/></reference><name value="terminology-settings"/><exampleBoolean value="true"/><groupingId value="-ex-example"/></resource><page><nameUrl value="toc.html"/><title value="Table of Contents"/><generation value="html"/><page><nameUrl value="index.html"/><title value="Home"/><generation value="markdown"/></page><page><nameUrl value="acknowledgements.html"/><title value="Acknowledgements"/><generation value="markdown"/></page><page><nameUrl value="background.html"/><title value="Background"/><generation value="markdown"/></page><page><nameUrl value="death_certification_resource_profiles.html"/><title value="Death Certification Resource Profiles"/><generation value="markdown"/></page><page><nameUrl value="death_investigation_resource_profiles.html"/><title value="Death Investigation Resource Profiles"/><generation value="markdown"/></page><page><nameUrl value="death_reporting_dataflow.html"/><title value="Death Reporting Dataflow"/><generation value="markdown"/></page><page><nameUrl value="decedent_demographics_resource_profiles.html"/><title value="Decedent Demographics Resource Profiles"/><generation value="markdown"/></page><page><nameUrl value="decedent_disposition_resource_profiles.html"/><title value="Decedent Disposition Resource Profiles"/><generation value="markdown"/></page><page><nameUrl value="downloads.html"/><title value="Downloads"/><generation value="markdown"/></page><page><nameUrl value="profiles.html"/><title value="Profiles"/><generation value="markdown"/></page><page><nameUrl value="project_team.html"/><title value="Project Team"/><generation value="markdown"/></page><page><nameUrl value="scope_of_the_vrdr_fhir_ig.html"/><title value="Scope of the Vrdr Fhir Ig"/><generation value="markdown"/></page><page><nameUrl value="terminology_bindings.html"/><title value="Terminology Bindings"/><generation value="markdown"/></page><page><nameUrl value="vrdr_fhir_ig_uml_data_model.html"/><title value="Vrdr Fhir Ig Uml Data Model"/><generation value="markdown"/></page><page><nameUrl value="artifacts.html"/><title value="Artifacts Summary"/><generation value="html"/><page><nameUrl value="StructureDefinition-VRDR-Cause-Of-Death-Condition.html"/><title value="VRDR Cause Of Death Condition"/><generation value="generated"/></page><page><nameUrl value="StructureDefinition-VRDR-Condition-Contributing-To-Death.html"/><title value="VRDR Condition Contributing To Death"/><generation value="generated"/></page><page><nameUrl value="StructureDefinition-VRDR-Death-Certificate.html"/><title value="VRDR Death Certificate"/><generation value="generated"/></page><page><nameUrl value="StructureDefinition-VRDR-Death-Certificate-Document.html"/><title value="VRDR Death Certificate Document"/><generation value="generated"/></page><page><nameUrl value="StructureDefinition-VRDR-Death-Certificate-Reference.html"/><title value="VRDR Death Certificate Reference"/><generation value="generated"/></page><page><nameUrl value="StructureDefinition-VRDR-Death-Certification.html"/><title value="VRDR Death Certification"/><generation value="generated"/></page><page><nameUrl value="StructureDefinition-VRDR-Death-Location.html"/><title value="VRDR Death Location"/><generation value="generated"/></page><page><nameUrl value="StructureDefinition-VRDR-Death-Pronouncement-Performer.html"/><title value="VRDR Death Pronouncement Performer"/><generation value="generated"/></page><page><nameUrl value="StructureDefinition-VRDR-Decedent.html"/><title value="VRDR Decedent"/><generation value="generated"/></page><page><nameUrl value="StructureDefinition-VRDR-Decedent-Age.html"/><title value="VRDR Decedent Age"/><generation value="generated"/></page><page><nameUrl value="StructureDefinition-VRDR-Decedent-Education-Level.html"/><title value="VRDR Decedent Education Level"/><generation value="generated"/></page><page><nameUrl value="StructureDefinition-VRDR-Decedent-Father.html"/><title value="Decedent Father"/><generation value="generated"/></page><page><nameUrl value="StructureDefinition-VRDR-Decedent-Pregnancy.html"/><title value="VRDR Decedent Pregnancy"/><generation value="generated"/></page><page><nameUrl value="StructureDefinition-VRDR-Decedent-Spouse.html"/><title value="VRDR Decedent Spouse"/><generation value="generated"/></page><page><nameUrl value="StructureDefinition-VRDR-Decedent-Transportation-Role.html"/><title value="VRDR Decedent Transportation Role"/><generation value="generated"/></page><page><nameUrl value="StructureDefinition-VRDR-Disposition-Location.html"/><title value="VRDR Disposition Location"/><generation value="generated"/></page><page><nameUrl value="StructureDefinition-VRDR-Examiner-Contacted.html"/><title value="VRDR Examiner Contacted"/><generation value="generated"/></page><page><nameUrl value="StructureDefinition-VRDR-Funeral-Home.html"/><title value="VRDR Funeral Home"/><generation value="generated"/></page><page><nameUrl value="StructureDefinition-VRDR-Funeral-Home-Director.html"/><title value="VRDR Funeral Home Director"/><generation value="generated"/></page><page><nameUrl value="StructureDefinition-VRDR-Funeral-Service-Licensee.html"/><title value="VRDR Funeral Service Licensee"/><generation value="generated"/></page><page><nameUrl value="StructureDefinition-VRDR-InjuryIncident.html"/><title value="VRDR Injury Incident"/><generation value="generated"/></page><page><nameUrl value="StructureDefinition-VRDR-Injury-Location.html"/><title value="VRDR Injury Location"/><generation value="generated"/></page><page><nameUrl value="StructureDefinition-VRDR-Interested-Party.html"/><title value="VRDR Interested Party"/><generation value="generated"/></page><page><nameUrl value="StructureDefinition-VRDR-Manner-of-Death.html"/><title value="VRDR Manner of Death"/><generation value="generated"/></page><page><nameUrl value="StructureDefinition-VRDR-Mortician.html"/><title value="VRDR Mortician"/><generation value="generated"/></page><page><nameUrl value="StructureDefinition-VRDR-National-Reporting-Jurisdiction.html"/><title value="VRDR National Reporting Jurisdiction"/><generation value="generated"/></page><page><nameUrl value="StructureDefinition-VRDR-Tobacco-Use-Contributed-To-Death.html"/><title value="VRDR Tobacco Use Contributed To Death"/><generation value="generated"/></page><page><nameUrl value="StructureDefinition-VRDR-Autopsy-Performed-Indicator.html"/><title value="VRDR Autopsy Performed Indicator"/><generation value="generated"/></page><page><nameUrl value="StructureDefinition-VRDR-BirthRecordIdentifier.html"/><title value="VRDR Birth Record Identifier"/><generation value="generated"/></page><page><nameUrl value="StructureDefinition-VRDR-Cause-of-Death-Pathway.html"/><title value="VRDR Cause of Death Pathway"/><generation value="generated"/></page><page><nameUrl value="StructureDefinition-VRDR-Certifier.html"/><title value="VRDR Certifier"/><generation value="generated"/></page><page><nameUrl value="StructureDefinition-VRDR-Death-Date.html"/><title value="VRDR_DeathDate"/><generation value="generated"/></page><page><nameUrl value="StructureDefinition-VRDR-Decedent-Disposition-Method.html"/><title value="Decedent Disposition Method"/><generation value="generated"/></page><page><nameUrl value="StructureDefinition-VRDR-Decedent-Military-Service.html"/><title value="Decedent Military Service"/><generation value="generated"/></page><page><nameUrl value="StructureDefinition-VRDR-Decedent-Mother.html"/><title value="Decedent Mother"/><generation value="generated"/></page><page><nameUrl value="StructureDefinition-VRDR-Decedent-Usual-Work.html"/><title value="VRDR_DecedentUsualWork"/><generation value="generated"/></page><page><nameUrl value="StructureDefinition-Census-Tract.html"/><title value="CensusTract"/><generation value="generated"/></page><page><nameUrl value="StructureDefinition-Date-Absent-Reason.html"/><title value="Date Absent Reason"/><generation value="generated"/></page><page><nameUrl value="StructureDefinition-Date-Day.html"/><title value="Date Day"/><generation value="generated"/></page><page><nameUrl value="StructureDefinition-Date-Month.html"/><title value="Date Month"/><generation value="generated"/></page><page><nameUrl value="StructureDefinition-Date-Year.html"/><title value="Date Year"/><generation value="generated"/></page><page><nameUrl value="StructureDefinition-Death-Location-Reference.html"/><title value="Death Location Reference"/><generation value="generated"/></page><page><nameUrl value="StructureDefinition-Disposition-Location-Reference.html"/><title value="Disposition Location Reference"/><generation value="generated"/></page><page><nameUrl value="StructureDefinition-VRDR-Partial-date-part-absent-reason.html"/><title value="Extension - Partial Date Part Absent Reason"/><generation value="generated"/></page><page><nameUrl value="StructureDefinition-Injury-Location-Reference.html"/><title value="Injury Location Reference"/><generation value="generated"/></page><page><nameUrl value="StructureDefinition-Location-Jurisdiction-Id.html"/><title value="Location Jurisdiction Id"/><generation value="generated"/></page><page><nameUrl value="StructureDefinition-Observation-Location.html"/><title value="Observation Location"/><generation value="generated"/></page><page><nameUrl value="StructureDefinition-Within-City-Limits-Indicator.html"/><title value="VRDR Within City Limits Indicator"/><generation value="generated"/></page><page><nameUrl value="ValueSet-Canada-Provinces-VS.html"/><title value="Canadian Provinces Value Set"/><generation value="generated"/></page><page><nameUrl value="ValueSet-States-TerritoriesProvinces-VS.html"/><title value="States, Territories and Provinces Value Set"/><generation value="generated"/></page><page><nameUrl value="ValueSet-USStates-Territories-VS.html"/><title value="US States, Territories Value Set"/><generation value="generated"/></page><page><nameUrl value="ValueSet-Jurisdictions-VS.html"/><title value="VRDR Jurisdictions Value Set"/><generation value="generated"/></page><page><nameUrl value="CodeSystem-VRDR-Jurisdictions.html"/><title value="VRDR Jurisdictions"/><generation value="generated"/></page><page><nameUrl value="Observation-092e7b13-224d-46a6-ac31-0d98d4c84126.html"/><title value="Decedent Pregnancy Example"/><generation value="generated"/></page><page><nameUrl value="Observation-0db13e0d-fea6-4ef1-8285-62d761f61d88.html"/><title value="Autopsy Performed Indicator Instance Example"/><generation value="generated"/></page><page><nameUrl value="Organization-1a110397-936f-4be4-ab10-2caed226569d.html"/><title value="Interested Party Instance Example"/><generation value="generated"/></page><page><nameUrl value="Procedure-219ef5e3-ed0c-4dab-88eb-b114daaebd73.html"/><title value="Death Certification Instance Example"/><generation value="generated"/></page><page><nameUrl value="Location-361aaa44-9955-4cd4-8f55-9f7df3537e17.html"/><title value="361aaa44-9955-4cd4-8f55-9f7df3537e17"/><generation value="generated"/></page><page><nameUrl value="Observation-37c086a1-05bd-479c-92b4-1234d38bfe5a.html"/><title value="Injury Incident Example"/><generation value="generated"/></page><page><nameUrl value="Observation-4424113f-69c4-40fe-b88f-d7b03304dfe4.html"/><title value="Decedent Transportation Role Example"/><generation value="generated"/></page><page><nameUrl value="Observation-48b230c3-c5b5-4844-83bf-ede59170676e.html"/><title value="Decedent Usual Work Example"/><generation value="generated"/></page><page><nameUrl value="Observation-4aed1450-ab2d-4cb9-858f-227b127323a6.html"/><title value="Examiner Contacted Example"/><generation value="generated"/></page><page><nameUrl value="Location-4b863da8-1bb5-4b17-9be2-4ea39b5d3a2a.html"/><title value="Injury Location Example"/><generation value="generated"/></page><page><nameUrl value="PractitionerRole-4b96759f-8395-4093-8417-e1ca3cd26f0a.html"/><title value="Funeral Service Licensee Example"/><generation value="generated"/></page><page><nameUrl value="Observation-4d0ce010-16f1-44f4-bbf8-3a2030e9de99.html"/><title value="Tobacco Use Contributed To Death Example"/><generation value="generated"/></page><page><nameUrl value="Patient-51b806c8-566f-463e-8783-9fbf6be8161d.html"/><title value="Decedent Instance Example"/><generation value="generated"/></page><page><nameUrl value="Composition-54fd9b4c-7633-4e34-bf6b-6fbe9d48fd30.html"/><title value="Death Certificate Example"/><generation value="generated"/></page><page><nameUrl value="Condition-56b8ce2e-64f8-450b-8885-0699a53fc781.html"/><title value="Condition Contributing To Death Example"/><generation value="generated"/></page><page><nameUrl value="List-60401545-f1e1-4a80-867f-02384ffed857.html"/><title value="Cause of Death Pathway Example"/><generation value="generated"/></page><page><nameUrl value="Observation-636dafac-0d92-4649-b838-004bcf714f5aj.html"/><title value="Decedent Military Service Example"/><generation value="generated"/></page><page><nameUrl value="Observation-6606dd3a-49ba-47a9-a6e7-e7e4ebeddac7.html"/><title value="Birth Record Identifier Example"/><generation value="generated"/></page><page><nameUrl value="Organization-6f47da13-0c25-483b-8729-7b96716b17fc.html"/><title value="Funeral Home Example"/><generation value="generated"/></page><page><nameUrl value="Bundle-7a4613cc-b306-49b2-a428-9f8e67e67a85.html"/><title value="Death Certificate Document Example"/><generation value="generated"/></page><page><nameUrl value="Practitioner-80db6f45-8a6d-4583-8a03-55a6663523c2.html"/><title value="Mortician Example"/><generation value="generated"/></page><page><nameUrl value="RelatedPerson-89ababc6-8c2a-4e76-9f53-8677822f54a9.html"/><title value="Decedent Mother Example"/><generation value="generated"/></page><page><nameUrl value="Practitioner-9102c234-53ca-4066-8452-42f3ba751c7d.html"/><title value="Death Pronouncement Performer Example"/><generation value="generated"/></page><page><nameUrl value="RelatedPerson-962fded4-b90a-44f7-950e-3832011ad65f.html"/><title value="Decedent Spouse Example"/><generation value="generated"/></page><page><nameUrl value="Observation-9676ae27-2a89-4295-913c-0d6847300a3a.html"/><title value="Decedent Education Level Example"/><generation value="generated"/></page><page><nameUrl value="RelatedPerson-976c548f-9460-42f2-b41e-390b3bee91c8.html"/><title value="Decedent Father Example"/><generation value="generated"/></page><page><nameUrl value="Observation-b531cbf7-6290-424c-8155-0549c3fb3243.html"/><title value="Death Date Example"/><generation value="generated"/></page><page><nameUrl value="Location-b7de6056-817f-4d73-9830-ce566accd044.html"/><title value="Death Location Example"/><generation value="generated"/></page><page><nameUrl value="DocumentReference-bafe16b9-8b50-47e1-829a-a7dbafb45e05.html"/><title value="Death Certificate Reference Example"/><generation value="generated"/></page><page><nameUrl value="Location-bbe38248-9a8d-414f-996e-58d5fc9eb800.html"/><title value="Disposition Location Example"/><generation value="generated"/></page><page><nameUrl value="Practitioner-cb1219bc-785f-431c-9f56-b8fbbe78bc4d.html"/><title value="Certifier Instance Example"/><generation value="generated"/></page><page><nameUrl value="Observation-d7c2e459-c7ca-415c-a38c-f78a0f0c5813.html"/><title value="Manner of Death Example"/><generation value="generated"/></page><page><nameUrl value="Observation-d80681ff-9f1d-4915-87b5-eda54534096a.html"/><title value="Decedent Disposition Method Example"/><generation value="generated"/></page><page><nameUrl value="Observation-df5a2807-e0b2-4971-9820-efdbbbfcef7b.html"/><title value="Decedent Age Example"/><generation value="generated"/></page><page><nameUrl value="Condition-f0cbc63d-ac4e-469b-8761-70b6ea8bf666.html"/><title value="Cause Of Death Condition Example"/><generation value="generated"/></page><page><nameUrl value="Parameters-terminology-settings.html"/><title value="terminology-settings"/><generation value="generated"/></page></page></page><parameter><code value="path-resource"/><value value="input/capabilities"/></parameter><parameter><code value="path-resource"/><value value="input/examples"/></parameter><parameter><code value="path-resource"/><value value="input/extensions"/></parameter><parameter><code value="path-resource"/><value value="input/models"/></parameter><parameter><code value="path-resource"/><value value="input/operations"/></parameter><parameter><code value="path-resource"/><value value="input/profiles"/></parameter><parameter><code value="path-resource"/><value value="input/resources"/></parameter><parameter><code value="path-resource"/><value value="input/vocabulary"/></parameter><parameter><code value="path-resource"/><value value="input/maps"/></parameter><parameter><code value="path-resource"/><value value="input/testing"/></parameter><parameter><code value="path-resource"/><value value="input/history"/></parameter><parameter><code value="path-resource"/><value value="fsh-generated/resources"/></parameter><parameter><code value="path-pages"/><value value="template/config"/></parameter><parameter><code value="path-pages"/><value value="input/images"/></parameter><parameter><code value="path-tx-cache"/><value value="input-cache/txcache"/></parameter></definition></ImplementationGuide>