<?xml version="1.0" encoding="UTF-8"?><ValueSet xmlns="http://hl7.org/fhir"><id value="vrdr-YesNo"/><text><status value="extensions"/><div xmlns="http://www.w3.org/1999/xhtml"><ul><li>Include these codes as defined in <a href="http://terminology.hl7.org/2.1.0/CodeSystem-v2-0532.html"><code>http://terminology.hl7.org/CodeSystem/v2-0532</code></a><table class="none"><tr><td style="white-space:nowrap"><b>Code</b></td><td><b>Display</b></td><td><b>Definition</b></td></tr><tr><td><a href="http://terminology.hl7.org/2.1.0/CodeSystem-v2-0532.html#v2-0532-Y">Y</a></td><td>Yes</td><td>Yes</td></tr><tr><td><a href="http://terminology.hl7.org/2.1.0/CodeSystem-v2-0532.html#v2-0532-N">N</a></td><td>No</td><td>No</td></tr><tr><td><a href="http://terminology.hl7.org/2.1.0/CodeSystem-v2-0532.html#v2-0532-UNK">UNK</a></td><td>Unknown</td><td>unknown</td></tr></table></li></ul></div></text><url value="http://hl7.org/fhir/us/vrdr/ValueSet/vrdr-YesNo"/><version value="1.2.0"/><name value="YesNoVS"/><title value="Yes No Unknown  Value Set"/><status value="active"/><date value="2021-09-22T20:23:53+00:00"/><publisher value="HL7 Public Health Working Group"/><contact><name value="HL7 Public Health Working Group"/><telecom><system value="url"/><value value="http://www.hl7.org/Special/committees/pher/index.cfm"/></telecom><telecom><system value="email"/><value value="pher@lists.HL7.org"/></telecom></contact><description value="Yes No Unknown Valueset built HL7 Expanded Yes/No Codesystem"/><jurisdiction><coding><system value="urn:iso:std:iso:3166"/><code value="US"/></coding></jurisdiction><compose><include><system value="http://terminology.hl7.org/CodeSystem/v2-0532"/><concept><code value="Y"/><display value="Yes"/></concept><concept><code value="N"/><display value="No"/></concept><concept><code value="UNK"/><display value="Unknown"/></concept></include></compose></ValueSet>