<?xml version="1.0" encoding="UTF-8"?>

<DocumentReference xmlns="http://hl7.org/fhir">
  <id value="bafe16b9-8b50-47e1-829a-a7dbafb45e05"/>
  <meta>
    <versionId value="4"/>
    <lastUpdated value="2020-08-18T14:05:00.835+00:00"/>
    <source value="#8iRGOaZ9QyOQtkXP"/>
    <profile value="http://hl7.org/fhir/us/vrdr/StructureDefinition/VRDR-Death-Certificate-Reference"/>
  </meta>
  <text>
    <status value="generated"/><div xmlns="http://www.w3.org/1999/xhtml"><p><b>Generated Narrative</b></p><p><b>identifier</b>: id: urn:uuid:bafe16b9-8b50-47e1-829a-a7dbafb45e05</p><p><b>status</b>: current</p><p><b>type</b>: <span title="Codes: {http://loinc.org 64297-5}">Death certificate</span></p><p><b>subject</b>: <a href="Patient-51b806c8-566f-463e-8783-9fbf6be8161d.html">Generated Summary: Social Beneficiary Identifier: 123456789; Example Something Middle Last (OFFICIAL), FirstNameAlias MiddleAlias LastNameAlias (NICKNAME); gender: male; </a></p><p><b style="color: maroon">Exception generating Narrative: null</b></p></div>
  </text>
  <identifier>
    <system value="urn:ietf:rfc:3986"/>
    <value value="urn:uuid:bafe16b9-8b50-47e1-829a-a7dbafb45e05"/>
  </identifier>
  <status value="current"/>
  <type>
    <coding>
      <system value="http://loinc.org"/>
      <code value="64297-5"/>
      <display value="Death certificate"/>
    </coding>
  </type>
  <subject>
    <reference value="Patient/51b806c8-566f-463e-8783-9fbf6be8161d"/>
  </subject>
  <date value="2005-12-24T09:43:41+11:00"/>
  <author>
    <reference value="Organization/1a110397-936f-4be4-ab10-2caed226569d"/>
  </author>
  <content>
    <attachment>
      <url value="urn:uuid:7a4613cc-b306-49b2-a428-9f8e67e67a85"/>
    </attachment>
  </content>
</DocumentReference>