<?xml version="1.0" encoding="UTF-8"?>

<Bundle xmlns="http://hl7.org/fhir">
  <id value="b8ab1757-8b72-4942-afc9-024f421e23cf"/>
  <meta>
    <lastUpdated value="2021-09-22T20:23:53.665+00:00"/>
  </meta>
  <type value="collection"/>
  <entry>
    <fullUrl value="http://hl7.org/fhir/us/vrdr/ValueSet/vrdr-administrative-gender"/>
    <resource>
      <ValueSet>
        <id value="vrdr-administrative-gender"/>
        <text>
          <status value="generated"/>
          <div xmlns="http://www.w3.org/1999/xhtml">
            <p>This value set contains 3 concepts</p>
            <p style="border: black 1px dotted; background-color: #EEEEEE; padding: 8px; margin-bottom: 8px">Expansion based on 
              <a href="http://hl7.org/fhir/R4/codesystem-administrative-gender.html">AdministrativeGender v4.0.1 (CodeSystem)</a>
            </p>
            <p>All codes in this table are from the system 
              <a href="http://hl7.org/fhir/R4/codesystem-administrative-gender.html">
                <code>http://hl7.org/fhir/administrative-gender</code>
              </a>
            </p>
            <table class="codes">
              <tr>
                <td style="white-space:nowrap">
                  <b>Code</b>
                </td>
                <td>
                  <b>Display</b>
                </td>
                <td>
                  <b>Definition</b>
                </td>
              </tr>
              <tr>
                <td style="white-space:nowrap">
                  <a name="http---hl7.org-fhir-administrative-gender-male"> </a>
                  <a href="http://hl7.org/fhir/R4/codesystem-administrative-gender.html#administrative-gender-male">male</a>
                </td>
                <td>male</td>
                <td>Male.</td>
              </tr>
              <tr>
                <td style="white-space:nowrap">
                  <a name="http---hl7.org-fhir-administrative-gender-female"> </a>
                  <a href="http://hl7.org/fhir/R4/codesystem-administrative-gender.html#administrative-gender-female">female</a>
                </td>
                <td>female</td>
                <td>Female.</td>
              </tr>
              <tr>
                <td style="white-space:nowrap">
                  <a name="http---hl7.org-fhir-administrative-gender-unknown"> </a>
                  <a href="http://hl7.org/fhir/R4/codesystem-administrative-gender.html#administrative-gender-unknown">unknown</a>
                </td>
                <td>unknown</td>
                <td>Unknown.</td>
              </tr>
            </table>
          </div>
        </text>
        <url value="http://hl7.org/fhir/us/vrdr/ValueSet/vrdr-administrative-gender"/>
        <version value="1.2.0"/>
        <name value="AdministrativeGenderVS"/>
        <title value="Yes No Not Applicable  Value Set"/>
        <status value="active"/>
        <date value="2021-09-22T20:23:53+00:00"/>
        <publisher value="HL7 Public Health Working Group"/>
        <contact>
          <name value="HL7 Public Health Working Group"/>
          <telecom>
            <system value="url"/>
            <value value="http://www.hl7.org/Special/committees/pher/index.cfm"/>
          </telecom>
          <telecom>
            <system value="email"/>
            <value value="pher@lists.HL7.org"/>
          </telecom>
        </contact>
        <description value="Yes No Not Applicable Valueset built HL7 Administrative Gender Codesystem.  If the &#39;other&#39; value were included, this could use the standard valuesystem used by USCore http://hl7.org/fhir/R4/valueset-administrative-gender.html#4.4.1.369"/>
        <jurisdiction>
          <coding>
            <system value="urn:iso:std:iso:3166"/>
            <code value="US"/>
          </coding>
        </jurisdiction>
        <expansion>
          <identifier value="urn:uuid:b4cdfe84-6f33-41bc-91a6-3fd64a3a6d2d"/>
          <timestamp value="2021-09-22T20:25:12+00:00"/>
          <total value="3"/>
          <parameter>
            <name value="excludeNested"/>
            <valueBoolean value="false"/>
          </parameter>
          <parameter>
            <name value="version"/>
            <valueUri value="http://hl7.org/fhir/administrative-gender|4.0.1"/>
          </parameter>
          <contains>
            <system value="http://hl7.org/fhir/administrative-gender"/>
            <code value="male"/>
            <display value="male"/>
          </contains>
          <contains>
            <system value="http://hl7.org/fhir/administrative-gender"/>
            <code value="female"/>
            <display value="female"/>
          </contains>
          <contains>
            <system value="http://hl7.org/fhir/administrative-gender"/>
            <code value="unknown"/>
            <display value="unknown"/>
          </contains>
        </expansion>
      </ValueSet>
    </resource>
  </entry>
  <entry>
    <fullUrl value="http://hl7.org/fhir/us/vrdr/ValueSet/vrdr-YesNoNotApplicable"/>
    <resource>
      <ValueSet>
        <id value="vrdr-YesNoNotApplicable"/>
        <text>
          <status value="generated"/>
          <div xmlns="http://www.w3.org/1999/xhtml">
            <p>This value set contains 3 concepts</p>
            <p style="border: black 1px dotted; background-color: #EEEEEE; padding: 8px; margin-bottom: 8px">Expansion based on 
              <a href="http://terminology.hl7.org/2.1.0/CodeSystem-v2-0532.html">expandedYes-NoIndicator v2.1.0 (CodeSystem)</a>
            </p>
            <p>All codes in this table are from the system 
              <a href="http://terminology.hl7.org/2.1.0/CodeSystem-v2-0532.html">
                <code>http://terminology.hl7.org/CodeSystem/v2-0532</code>
              </a>
            </p>
            <table class="codes">
              <tr>
                <td style="white-space:nowrap">
                  <b>Code</b>
                </td>
                <td>
                  <b>Display</b>
                </td>
                <td>
                  <b>Definition</b>
                </td>
              </tr>
              <tr>
                <td style="white-space:nowrap">
                  <a name="http---terminology.hl7.org-CodeSystem-v2-0532-Y"> </a>
                  <a href="http://terminology.hl7.org/2.1.0/CodeSystem-v2-0532.html#v2-0532-Y">Y</a>
                </td>
                <td>Yes</td>
                <td>Yes</td>
              </tr>
              <tr>
                <td style="white-space:nowrap">
                  <a name="http---terminology.hl7.org-CodeSystem-v2-0532-N"> </a>
                  <a href="http://terminology.hl7.org/2.1.0/CodeSystem-v2-0532.html#v2-0532-N">N</a>
                </td>
                <td>No</td>
                <td>No</td>
              </tr>
              <tr>
                <td style="white-space:nowrap">
                  <a name="http---terminology.hl7.org-CodeSystem-v2-0532-NA"> </a>
                  <a href="http://terminology.hl7.org/2.1.0/CodeSystem-v2-0532.html#v2-0532-NA">NA</a>
                </td>
                <td>Not Applicable</td>
                <td>not applicable</td>
              </tr>
            </table>
          </div>
        </text>
        <url value="http://hl7.org/fhir/us/vrdr/ValueSet/vrdr-YesNoNotApplicable"/>
        <version value="1.2.0"/>
        <name value="YesNoNotApplicableVS"/>
        <title value="Yes No Not Applicable  Value Set"/>
        <status value="active"/>
        <date value="2021-09-22T20:23:53+00:00"/>
        <publisher value="HL7 Public Health Working Group"/>
        <contact>
          <name value="HL7 Public Health Working Group"/>
          <telecom>
            <system value="url"/>
            <value value="http://www.hl7.org/Special/committees/pher/index.cfm"/>
          </telecom>
          <telecom>
            <system value="email"/>
            <value value="pher@lists.HL7.org"/>
          </telecom>
        </contact>
        <description value="Yes No Not Applicable Valueset built HL7 Expanded Yes/No Codesystem"/>
        <jurisdiction>
          <coding>
            <system value="urn:iso:std:iso:3166"/>
            <code value="US"/>
          </coding>
        </jurisdiction>
        <expansion>
          <identifier value="urn:uuid:566fea27-3154-455a-8108-2ce77f6a63a7"/>
          <timestamp value="2021-09-22T20:25:16+00:00"/>
          <total value="3"/>
          <parameter>
            <name value="excludeNested"/>
            <valueBoolean value="false"/>
          </parameter>
          <parameter>
            <name value="version"/>
            <valueUri value="http://terminology.hl7.org/CodeSystem/v2-0532|2.1.0"/>
          </parameter>
          <contains>
            <system value="http://terminology.hl7.org/CodeSystem/v2-0532"/>
            <code value="Y"/>
            <display value="Yes"/>
          </contains>
          <contains>
            <system value="http://terminology.hl7.org/CodeSystem/v2-0532"/>
            <code value="N"/>
            <display value="No"/>
          </contains>
          <contains>
            <system value="http://terminology.hl7.org/CodeSystem/v2-0532"/>
            <code value="NA"/>
            <display value="Not Applicable"/>
          </contains>
        </expansion>
      </ValueSet>
    </resource>
  </entry>
  <entry>
    <fullUrl value="http://hl7.org/fhir/us/vrdr/ValueSet/vrdr-YesNo"/>
    <resource>
      <ValueSet>
        <id value="vrdr-YesNo"/>
        <text>
          <status value="generated"/>
          <div xmlns="http://www.w3.org/1999/xhtml">
            <p>This value set contains 3 concepts</p>
            <p style="border: black 1px dotted; background-color: #EEEEEE; padding: 8px; margin-bottom: 8px">Expansion based on 
              <a href="http://terminology.hl7.org/2.1.0/CodeSystem-v2-0532.html">expandedYes-NoIndicator v2.1.0 (CodeSystem)</a>
            </p>
            <p>All codes in this table are from the system 
              <a href="http://terminology.hl7.org/2.1.0/CodeSystem-v2-0532.html">
                <code>http://terminology.hl7.org/CodeSystem/v2-0532</code>
              </a>
            </p>
            <table class="codes">
              <tr>
                <td style="white-space:nowrap">
                  <b>Code</b>
                </td>
                <td>
                  <b>Display</b>
                </td>
                <td>
                  <b>Definition</b>
                </td>
              </tr>
              <tr>
                <td style="white-space:nowrap">
                  <a name="http---terminology.hl7.org-CodeSystem-v2-0532-Y"> </a>
                  <a href="http://terminology.hl7.org/2.1.0/CodeSystem-v2-0532.html#v2-0532-Y">Y</a>
                </td>
                <td>Yes</td>
                <td>Yes</td>
              </tr>
              <tr>
                <td style="white-space:nowrap">
                  <a name="http---terminology.hl7.org-CodeSystem-v2-0532-N"> </a>
                  <a href="http://terminology.hl7.org/2.1.0/CodeSystem-v2-0532.html#v2-0532-N">N</a>
                </td>
                <td>No</td>
                <td>No</td>
              </tr>
              <tr>
                <td style="white-space:nowrap">
                  <a name="http---terminology.hl7.org-CodeSystem-v2-0532-UNK"> </a>
                  <a href="http://terminology.hl7.org/2.1.0/CodeSystem-v2-0532.html#v2-0532-UNK">UNK</a>
                </td>
                <td>Unknown</td>
                <td>unknown</td>
              </tr>
            </table>
          </div>
        </text>
        <url value="http://hl7.org/fhir/us/vrdr/ValueSet/vrdr-YesNo"/>
        <version value="1.2.0"/>
        <name value="YesNoVS"/>
        <title value="Yes No Unknown  Value Set"/>
        <status value="active"/>
        <date value="2021-09-22T20:23:53+00:00"/>
        <publisher value="HL7 Public Health Working Group"/>
        <contact>
          <name value="HL7 Public Health Working Group"/>
          <telecom>
            <system value="url"/>
            <value value="http://www.hl7.org/Special/committees/pher/index.cfm"/>
          </telecom>
          <telecom>
            <system value="email"/>
            <value value="pher@lists.HL7.org"/>
          </telecom>
        </contact>
        <description value="Yes No Unknown Valueset built HL7 Expanded Yes/No Codesystem"/>
        <jurisdiction>
          <coding>
            <system value="urn:iso:std:iso:3166"/>
            <code value="US"/>
          </coding>
        </jurisdiction>
        <expansion>
          <identifier value="urn:uuid:f29b6dbd-4364-420c-869c-8aafa8a040ff"/>
          <timestamp value="2021-09-22T20:25:16+00:00"/>
          <total value="3"/>
          <parameter>
            <name value="excludeNested"/>
            <valueBoolean value="false"/>
          </parameter>
          <parameter>
            <name value="version"/>
            <valueUri value="http://terminology.hl7.org/CodeSystem/v2-0532|2.1.0"/>
          </parameter>
          <contains>
            <system value="http://terminology.hl7.org/CodeSystem/v2-0532"/>
            <code value="Y"/>
            <display value="Yes"/>
          </contains>
          <contains>
            <system value="http://terminology.hl7.org/CodeSystem/v2-0532"/>
            <code value="N"/>
            <display value="No"/>
          </contains>
          <contains>
            <system value="http://terminology.hl7.org/CodeSystem/v2-0532"/>
            <code value="UNK"/>
            <display value="Unknown"/>
          </contains>
        </expansion>
      </ValueSet>
    </resource>
  </entry>
</Bundle>