<?xml version="1.0" encoding="UTF-8"?>

<Practitioner xmlns="http://hl7.org/fhir">
  <id value="80db6f45-8a6d-4583-8a03-55a6663523c2"/>
  <meta>
    <versionId value="1"/>
    <lastUpdated value="2020-07-22T04:35:39.126+00:00"/>
    <source value="#Mze6QKeTUorpQzO2"/>
    <profile value="http://hl7.org/fhir/us/vrdr/StructureDefinition/VRDR-Mortician"/>
  </meta>
  <text>
    <status value="generated"/><div xmlns="http://www.w3.org/1999/xhtml"><p><b>Generated Narrative</b></p><p><b>identifier</b>: id: 1122334455</p><p><b>name</b>: FD Middle Last (OFFICIAL)</p><h3>Qualifications</h3><table class="grid"><tr><td>-</td><td><b>Identifier</b></td><td><b>Code</b></td></tr><tr><td>*</td><td>id: 9876543210</td><td><span title="Codes: {http://snomed.info/sct 309343006}">Physician</span></td></tr></table></div>
  </text>
  <identifier>
    <system value="http://hl7.org/fhir/sid/us-npi"/>
    <value value="1122334455"/>
  </identifier>
  <name>
    <use value="official"/>
    <family value="Last"/>
    <given value="FD"/>
    <given value="Middle"/>
    <suffix value="Jr."/>
  </name>
  <qualification>
    <identifier>
      <value value="9876543210"/>
    </identifier>
    <code>
      <coding>
        <system value="http://snomed.info/sct"/>
        <code value="309343006"/>
        <display value="Physician"/>
      </coding>
      <text value="Physician"/>
    </code>
  </qualification>
</Practitioner>