<?xml version="1.0" encoding="UTF-8"?>

<ValueSet xmlns="http://hl7.org/fhir">
  <id value="Canada-Provinces-VS"/>
  <text>
    <status value="generated"/><div xmlns="http://www.w3.org/1999/xhtml"><ul><li>Include these codes as defined in <code>http://canadapost.ca/CodeSystem/ProvinceCodes</code><table class="none"><tr><td style="white-space:nowrap"><b>Code</b></td><td><b>Display</b></td></tr><tr><td>AB</td><td>Alberta</td></tr><tr><td>BC</td><td>British Columbia</td></tr><tr><td>MB</td><td>Manitoba</td></tr><tr><td>NB</td><td>New Brunswick</td></tr><tr><td>NL</td><td>Newfoundland and Labrador</td></tr><tr><td>NS</td><td>Nova Scotia</td></tr><tr><td>NT</td><td>Northwest Territories</td></tr><tr><td>NU</td><td>Nunavut</td></tr><tr><td>ON</td><td>Ontario</td></tr><tr><td>PE</td><td>Prince Edward Island</td></tr><tr><td>QC</td><td>Quebec</td></tr><tr><td>SK</td><td>Saskatchewan</td></tr><tr><td>YT</td><td>Yukon</td></tr></table></li></ul></div>
  </text>
  <url value="http://hl7.org/fhir/us/vrdr/ValueSet/Canada-Provinces-VS"/>
  <version value="1.2.0"/>
  <name value="CanadaProvincesVS"/>
  <title value="Canadian Provinces Value Set"/>
  <status value="active"/>
  <date value="2021-09-22T20:03:14+00:00"/>
  <publisher value="HL7 Public Health Working Group"/>
  <contact>
    <name value="HL7 Public Health Working Group"/>
    <telecom>
      <system value="url"/>
      <value value="http://www.hl7.org/Special/committees/pher/index.cfm"/>
    </telecom>
    <telecom>
      <system value="email"/>
      <value value="pher@lists.HL7.org"/>
    </telecom>
  </contact>
  <description value="2 Letter Candadian Provinces Value Set"/>
  <jurisdiction>
    <coding>
      <system value="urn:iso:std:iso:3166"/>
      <code value="US"/>
    </coding>
  </jurisdiction>
  <compose>
    <include>
      <system value="http://canadapost.ca/CodeSystem/ProvinceCodes"/>
      <concept>
        <code value="AB"/>
        <display value="Alberta"/>
      </concept>
      <concept>
        <code value="BC"/>
        <display value="British Columbia"/>
      </concept>
      <concept>
        <code value="MB"/>
        <display value="Manitoba"/>
      </concept>
      <concept>
        <code value="NB"/>
        <display value="New Brunswick"/>
      </concept>
      <concept>
        <code value="NL"/>
        <display value="Newfoundland and Labrador"/>
      </concept>
      <concept>
        <code value="NS"/>
        <display value="Nova Scotia"/>
      </concept>
      <concept>
        <code value="NT"/>
        <display value="Northwest Territories"/>
      </concept>
      <concept>
        <code value="NU"/>
        <display value="Nunavut"/>
      </concept>
      <concept>
        <code value="ON"/>
        <display value="Ontario"/>
      </concept>
      <concept>
        <code value="PE"/>
        <display value="Prince Edward Island"/>
      </concept>
      <concept>
        <code value="QC"/>
        <display value="Quebec"/>
      </concept>
      <concept>
        <code value="SK"/>
        <display value="Saskatchewan"/>
      </concept>
      <concept>
        <code value="YT"/>
        <display value="Yukon"/>
      </concept>
    </include>
  </compose>
</ValueSet>