{
  "resourceType": "Condition",
  "id": "56b8ce2e-64f8-450b-8885-0699a53fc781",
  "meta": {
    "versionId": "1",
    "lastUpdated": "2020-07-21T04:48:02.057+00:00",
    "source": "#lMNehUUKrIGcu4us",
    "profile": [
      "http://hl7.org/fhir/us/vrdr/StructureDefinition/VRDR-Condition-Contributing-To-Death"
    ]
  },
  "text": {
    "status": "generated",
    "div": "<div xmlns=\"http://www.w3.org/1999/xhtml\"><p><b>Generated Narrative</b></p><p><b>category</b>: <span title=\"Codes: {http://snomed.info/sct 16100001}\">Death diagnosis</span></p><p><b>code</b>: <span title=\"Codes: \">Example Contributing Conditions</span></p><p><b>subject</b>: <a href=\"Patient-51b806c8-566f-463e-8783-9fbf6be8161d.html\">Generated Summary: Social Beneficiary Identifier: 123456789; Example Something Middle Last (OFFICIAL), FirstNameAlias MiddleAlias LastNameAlias (NICKNAME); gender: male; birthDate: 1940-02-19; <span title=\"Codes: {http://terminology.hl7.org/CodeSystem/v3-MaritalStatus S}\">Never Married</span></a></p><p><b>asserter</b>: <a href=\"Practitioner-cb1219bc-785f-431c-9f56-b8fbbe78bc4d.html\">Generated Summary: id: 2233445511; Doctor Middle Last (OFFICIAL)</a></p></div>"
  },
  "category": [
    {
      "coding": [
        {
          "system": "http://snomed.info/sct",
          "code": "16100001",
          "display": "Death diagnosis"
        }
      ]
    }
  ],
  "code": {
    "text": "Example Contributing Conditions"
  },
  "subject": {
    "reference": "Patient/51b806c8-566f-463e-8783-9fbf6be8161d"
  },
  "asserter": {
    "reference": "Practitioner/cb1219bc-785f-431c-9f56-b8fbbe78bc4d"
  }
}