{
  "resourceType": "Observation",
  "id": "4d0ce010-16f1-44f4-bbf8-3a2030e9de99",
  "meta": {
    "versionId": "2",
    "lastUpdated": "2020-07-21T22:40:43.185+00:00",
    "source": "#cIJIQkq7Q2smLbo1",
    "profile": [
      "http://hl7.org/fhir/us/vrdr/StructureDefinition/VRDR-Tobacco-Use-Contributed-To-Death"
    ]
  },
  "text": {
    "status": "generated",
    "div": "<div xmlns=\"http://www.w3.org/1999/xhtml\"><p><b>Generated Narrative</b></p><p></p><p><b>code</b>: <span title=\"Codes: {http://loinc.org 69443-0}\">Did tobacco use contribute to death</span></p><p><b>subject</b>: <a href=\"Patient-51b806c8-566f-463e-8783-9fbf6be8161d.html\">Generated Summary: Social Beneficiary Identifier: 123456789; Example Something Middle Last (OFFICIAL), FirstNameAlias MiddleAlias LastNameAlias (NICKNAME); gender: male; </a></p><p><b style=\"color: maroon\">Exception generating Narrative: null</b></p></div>"
  },
  "status": "final",
  "code": {
    "coding": [
      {
        "system": "http://loinc.org",
        "code": "69443-0",
        "display": "Did tobacco use contribute to death"
      }
    ]
  },
  "subject": {
    "reference": "Patient/51b806c8-566f-463e-8783-9fbf6be8161d"
  },
  "valueCodeableConcept": {
    "coding": [
      {
        "system": "http://snomed.info/sct",
        "code": "373066001",
        "display": "Yes"
      }
    ]
  }
}