{
  "resourceType": "Patient",
  "id": "51b806c8-566f-463e-8783-9fbf6be8161d",
  "meta": {
    "versionId": "4",
    "lastUpdated": "2020-07-22T19:41:31.297+00:00",
    "source": "#EoJNRyx11BYIT5J6",
    "profile": [
      "http://hl7.org/fhir/us/vrdr/StructureDefinition/VRDR-Decedent"
    ]
  },
  "text": {
    "status": "extensions",
    "div": "<div xmlns=\"http://www.w3.org/1999/xhtml\"><p><b>Generated Narrative</b></p><blockquote><p><b>US Core Race Extension</b></p><p><b>value</b>: <span title=\"{urn:oid:2.16.840.1.113883.6.238 2106-3}\">White</span></p><p><b>value</b>: <span title=\"{urn:oid:2.16.840.1.113883.6.238 1002-5}\">American Indian or Alaska Native</span></p><p><b>value</b>: <span title=\"{urn:oid:2.16.840.1.113883.6.238 2028-9}\">Asian</span></p><p><b>value</b>: <span title=\"{urn:oid:2.16.840.1.113883.6.238 1586-7}\">Shoshone</span></p><p><b>value</b>: <span title=\"{urn:oid:2.16.840.1.113883.6.238 2036-2}\">Filipino</span></p><p><b>value</b>: Mixed</p></blockquote><blockquote><p><b>US Core Ethnicity Extension</b></p><p><b>value</b>: <span title=\"{urn:oid:2.16.840.1.113883.6.238 2135-2}\">Hispanic or Latino</span></p><p><b>value</b>: <span title=\"{urn:oid:2.16.840.1.113883.6.238 2184-0}\">Dominican</span></p><p><b>value</b>: <span title=\"{urn:oid:2.16.840.1.113883.6.238 2148-5}\">Mexican</span></p><p><b>value</b>: Hispanic or Latino</p></blockquote><p><b>US Core Birth Sex Extension</b>: F</p><p><b>identifier</b>: Social Beneficiary Identifier: 123456789</p><p><b>name</b>: Example Something Middle Last (OFFICIAL), FirstNameAlias MiddleAlias LastNameAlias (NICKNAME)</p><p><b>gender</b>: male</p><p><b>birthDate</b>: 1940-02-19</p><p><b>address</b>: 101 Example Street Line 2 Bedford MA 01730 United States </p><p><b>maritalStatus</b>: <span title=\"Codes: {http://terminology.hl7.org/CodeSystem/v3-MaritalStatus S}\">Never Married</span></p></div>"
  },
  "extension": [
    {
      "extension": [
        {
          "url": "ombCategory",
          "valueCoding": {
            "system": "urn:oid:2.16.840.1.113883.6.238",
            "code": "2106-3",
            "display": "White"
          }
        },
        {
          "url": "ombCategory",
          "valueCoding": {
            "system": "urn:oid:2.16.840.1.113883.6.238",
            "code": "1002-5",
            "display": "American Indian or Alaska Native"
          }
        },
        {
          "url": "ombCategory",
          "valueCoding": {
            "system": "urn:oid:2.16.840.1.113883.6.238",
            "code": "2028-9",
            "display": "Asian"
          }
        },
        {
          "url": "detailed",
          "valueCoding": {
            "system": "urn:oid:2.16.840.1.113883.6.238",
            "code": "1586-7",
            "display": "Shoshone"
          }
        },
        {
          "url": "detailed",
          "valueCoding": {
            "system": "urn:oid:2.16.840.1.113883.6.238",
            "code": "2036-2",
            "display": "Filipino"
          }
        },
        {
          "url": "text",
          "valueString": "Mixed"
        }
      ],
      "url": "http://hl7.org/fhir/us/core/StructureDefinition/us-core-race"
    },
    {
      "extension": [
        {
          "url": "ombCategory",
          "valueCoding": {
            "system": "urn:oid:2.16.840.1.113883.6.238",
            "code": "2135-2",
            "display": "Hispanic or Latino"
          }
        },
        {
          "url": "detailed",
          "valueCoding": {
            "system": "urn:oid:2.16.840.1.113883.6.238",
            "code": "2184-0",
            "display": "Dominican"
          }
        },
        {
          "url": "detailed",
          "valueCoding": {
            "system": "urn:oid:2.16.840.1.113883.6.238",
            "code": "2148-5",
            "display": "Mexican"
          }
        },
        {
          "url": "text",
          "valueString": "Hispanic or Latino"
        }
      ],
      "url": "http://hl7.org/fhir/us/core/StructureDefinition/us-core-ethnicity"
    },
    {
      "url": "http://hl7.org/fhir/us/core/StructureDefinition/us-core-birthsex",
      "valueCode": "F"
    }
  ],
  "identifier": [
    {
      "type": {
        "coding": [
          {
            "system": "http://terminology.hl7.org/CodeSystem/v2-0203",
            "code": "SB",
            "display": "Social Beneficiary Identifier"
          }
        ]
      },
      "system": "http://hl7.org/fhir/sid/us-ssn",
      "value": "123456789"
    }
  ],
  "name": [
    {
      "use": "official",
      "family": "Last",
      "given": [
        "Example",
        "Something",
        "Middle"
      ],
      "suffix": [
        "Jr."
      ]
    },
    {
      "use": "nickname",
      "family": "LastNameAlias",
      "given": [
        "FirstNameAlias",
        "MiddleAlias"
      ],
      "suffix": [
        "Jr."
      ]
    }
  ],
  "gender": "male",
  "birthDate": "1940-02-19",
  "address": [
    {
      "extension": [
        {
          "url": "http://hl7.org/fhir/us/vrdr/StructureDefinition/Within-City-Limits-Indicator",
          "valueCoding": {
            "system": "http://terminology.hl7.org/CodeSystem/v2-0136",
            "code": "N",
            "display": "No"
          }
        }
      ],
      "line": [
        "101 Example Street",
        "Line 2"
      ],
      "city": "Bedford",
      "district": "Middlesex",
      "state": "MA",
      "postalCode": "01730",
      "country": "United States"
    }
  ],
  "maritalStatus": {
    "coding": [
      {
        "system": "http://terminology.hl7.org/CodeSystem/v3-MaritalStatus",
        "code": "S",
        "display": "Never Married"
      }
    ]
  }
}